{"stats":{"minecraft:crafted":{"minecraft:oak_planks":28,"minecraft:stone_pickaxe":1,"minecraft:chest":1,"sophisticatedbackpacks:iron_backpack":1,"minecraft:wheat":135,"sophisticatedbackpacks:backpack":1,"minecraft:crafting_table":2,"minecraft:wooden_pickaxe":1,"sophisticatedbackpacks:gold_backpack":1,"minecraft:stone_axe":1,"minecraft:bread":45,"minecraft:air":0,"minecraft:oak_boat":1,"minecraft:iron_chestplate":1,"minecraft:stick":4,"minecraft:iron_ingot":14,"minecraft:gold_ingot":45,"minecraft:torch":8},"minecraft:dropped":{"byg:biomepedia":1,"minecraft:oak_slab":1,"minecraft:golden_helmet":1,"minecraft:oak_log":7,"minecraft:baked_potato":10,"minecraft:glass_bottle":1,"useless_sword:turtle_sword":1,"minecraft:crossbow":1,"minecraft:cobblestone":16,"minecraft:book":51,"spelunkery:rough_emerald":1,"minecraft:cracked_stone_bricks":1,"minecraft:emerald":48,"minecraft:dirt":3,"farmersdelight:golden_knife":1,"irons_spellbooks:affinity_ring":1,"minecraft:iron_leggings":1,"gravestone:obituary":21,"minecraft:wooden_sword":1,"minecraft:golden_hoe":1,"minecraft:white_banner":1,"minecraft:chipped_anvil":1,"minecraft:paper":2,"irons_spellbooks:emerald_stoneplate_ring":2,"irons_spellbooks:fire_ale":1,"minecraft:golden_chestplate":2,"alexsmobs:animal_dictionary":1,"minecraft:cobbled_deepslate":2,"minecraft:bowl":2,"irons_spellbooks:uncommon_ink":1,"minecraft:rotten_flesh":2,"irons_spellbooks:inscription_table":1,"minecraft:lily_of_the_valley":1,"minecraft:bundle":1,"minecraft:leather_boots":1,"create:hand_crank":1,"minecraft:wooden_pickaxe":1,"minecraft:stone_pickaxe":1},"minecraft:mined":{"minecraft:diamond_ore":1,"minecraft:tuff":1,"minecraft:mossy_cobblestone":2,"minecraft:candle":1,"gravestone:gravestone":16,"minecraft:ladder":2,"minecraft:grass_block":6,"minecraft:weathered_copper":1,"minecraft:spawner":2,"minecraft:hay_block":15,"minecraft:iron_ore":9,"minecraft:fire":5,"treechop:chopped_log":3,"minecraft:deepslate_lapis_ore":4,"minecraft:gold_block":4,"minecraft:bell":1,"minecraft:bookshelf":18,"minecraft:deepslate_iron_ore":15,"minecraft:cobblestone_slab":1,"minecraft:packed_ice":7,"irons_spellbooks:inscription_table":1,"minecraft:stone":14,"minecraft:white_wool":1,"minecraft:pink_terracotta":2,"minecraft:piston_head":2,"minecraft:podzol":1,"minecraft:lily_of_the_valley":1,"minecraft:stone_brick_slab":1,"minecraft:powder_snow":5,"minecraft:crafting_table":3,"minecraft:torch":4,"minecraft:blast_furnace":1,"minecraft:emerald_ore":1,"organics:bone_ore":4,"minecraft:chest":1,"minecraft:cobblestone":12,"minecraft:deepslate_coal_ore":9,"minecraft:grindstone":1,"minecraft:sugar_cane":3,"minecraft:wall_torch":4,"supplementaries:urn":1,"minecraft:birch_trapdoor":2,"minecraft:stone_brick_stairs":1,"create:mechanical_drill":1,"minecraft:oak_log":1,"minecraft:coal_ore":16,"minecraft:gravel":9,"minecraft:dirt":6,"minecraft:cobweb":45,"minecraft:cracked_stone_bricks":1,"minecraft:stone_bricks":1,"minecraft:mossy_stone_bricks":1,"minecraft:chipped_anvil":1,"minecraft:deepslate":2},"minecraft:used":{"minecraft:iron_shovel":14,"minecraft:chest":1,"minecraft:iron_sword":81,"minecraft:bell":1,"minecraft:torch":15,"minecraft:iron_chestplate":1,"minecraft:dirt":17,"spelunkery:portal_fluid_bottle":1,"minecraft:lava_bucket":20,"minecraft:birch_trapdoor":1,"minecraft:bow":8,"create:mechanical_drill":1,"minecraft:water_bucket":6,"minecraft:bundle":1,"minecraft:stone_pickaxe":1,"minecraft:baked_potato":10,"minecraft:wooden_pickaxe":10,"minecraft:crafting_table":5,"useless_sword:valhalla_sword":71,"hmag:spectral_soup":2,"minecraft:apple":2,"minecraft:bread":53,"minecraft:iron_pickaxe":122,"minecraft:stone_axe":38,"minecraft:wooden_sword":2,"minecraft:bucket":27,"minecraft:pumpkin_pie":12,"minecraft:oak_boat":1,"minecraft:tropical_fish_bucket":1,"minecraft:splash_potion":1},"minecraft:broken":{"minecraft:golden_boots":1},"minecraft:picked_up":{"minecraft:crafting_table":3,"spelunkery:rough_emerald":1,"irons_spellbooks:affinity_ring":1,"hmag:cooked_ravager_meat":7,"minecraft:wooden_pickaxe":1,"minecraft:gold_block":5,"gravestone:obituary":5,"minecraft:string":66,"hmag:ravager_meat":6,"minecraft:sticky_piston":2,"minecraft:cracked_stone_bricks":1,"minecraft:cobbled_deepslate":2,"minecraft:candle":3,"irons_spellbooks:emerald_stoneplate_ring":2,"minecraft:coal_block":1,"minecraft:sugar_cane":7,"minecraft:chest":1,"farmersdelight:golden_knife":1,"irons_spellbooks:inscription_table":1,"useless_sword:ravager_leather":1,"minecraft:stick":11,"minecraft:raw_iron":25,"minecraft:birch_trapdoor":1,"minecraft:torch":7,"create:hand_crank":1,"minecraft:diorite":1,"spelunkery:raw_magnetite_nugget":2,"minecraft:golden_chestplate":1,"minecraft:arrow":26,"minecraft:rotten_flesh":13,"spelunkery:coal_lump":44,"minecraft:hay_block":15,"minecraft:iron_block":1,"artifacts:cross_necklace":2,"minecraft:saddle":2,"minecraft:totem_of_undying":1,"supplementaries:ash":2,"minecraft:white_wool":2,"minecraft:cobblestone":39,"useless_sword:valhalla_sword":3,"wandering_bags:pillager_bag":1,"minecraft:flint":1,"minecraft:oak_log":34,"minecraft:gunpowder":2,"minecraft:dirt":21,"minecraft:paper":1,"minecraft:white_banner":4,"minecraft:bone":11,"minecraft:chipped_anvil":2,"minecraft:apple":3,"minecraft:kelp":5,"minecraft:bow":1,"create:mechanical_drill":1,"minecraft:bell":1,"minecraft:grindstone":1,"minecraft:iron_ingot":8,"spelunkery:rough_lazurite":8,"minecraft:mossy_stone_bricks":1,"minecraft:book":102,"minecraft:oak_slab":1,"minecraft:weathered_copper":1,"minecraft:gravel":11,"minecraft:blast_furnace":1,"minecraft:ink_sac":1,"minecraft:lily_of_the_valley":1,"minecraft:spider_eye":2,"minecraft:mossy_cobblestone":4,"minecraft:slime_ball":4,"spelunkery:rough_lazurite_shard":18,"spelunkery:rough_diamond":1,"wandering_bags:witch_bag":2,"minecraft:crossbow":1,"spelunkery:raw_iron_nugget":42,"minecraft:emerald":56,"minecraft:oak_sapling":9,"minecraft:coal":25,"minecraft:ender_pearl":1},"minecraft:custom":{"minecraft:interact_with_smithing_table":1,"lootr:looted_stat":62,"minecraft:interact_with_anvil":1,"minecraft:mob_kills":51,"minecraft:interact_with_crafting_table":14,"minecraft:open_barrel":5,"minecraft:bell_ring":55,"minecraft:leave_game":3,"minecraft:time_since_death":6978,"minecraft:climb_one_cm":6271,"minecraft:sprint_one_cm":292720,"minecraft:walk_one_cm":433024,"minecraft:drop":74,"minecraft:talked_to_villager":7,"minecraft:play_time":117317,"minecraft:sneak_time":1710,"minecraft:deaths":20,"minecraft:walk_under_water_one_cm":33464,"minecraft:boat_one_cm":704,"minecraft:interact_with_lectern":1,"minecraft:jump":1645,"minecraft:interact_with_blast_furnace":2,"minecraft:walk_on_water_one_cm":19802,"minecraft:total_world_time":117317,"minecraft:interact_with_furnace":2,"minecraft:interact_with_cartography_table":1,"minecraft:raid_trigger":1,"minecraft:sleep_in_bed":1,"minecraft:time_since_rest":7023,"minecraft:damage_taken":9572,"minecraft:damage_dealt":7631,"minecraft:player_kills":3,"minecraft:swim_one_cm":39687,"minecraft:fly_one_cm":380436,"minecraft:open_chest":17,"minecraft:crouch_one_cm":9396,"minecraft:fall_one_cm":60570},"minecraft:killed":{"minecraft:vex":3,"minecraft:cave_spider":3,"minecraft:witch":2,"minecraft:spider":5,"minecraft:vindicator":1,"minecraft:slime":4,"creeperoverhaul:snowy_creeper":1,"minecraft:skeleton":3,"hmag:zombie_girl":1,"minecraft:bat":1,"minecraft:pillager":10,"minecraft:zombie":5},"minecraft:killed_by":{"minecraft:pillager":2,"minecraft:vindicator":4,"creeperoverhaul:ocean_creeper":6,"minecraft:skeleton":1,"minecraft:vex":1}},"DataVersion":3120}