{"stats":{"minecraft:crafted":{"artifacts:eternal_steak":1,"minecraft:oak_planks":28,"minecraft:stone_pickaxe":1,"minecraft:chest":1,"sophisticatedbackpacks:iron_backpack":1,"minecraft:wheat":135,"sophisticatedbackpacks:backpack":1,"minecraft:crafting_table":2,"minecraft:spruce_planks":28,"minecraft:wooden_pickaxe":1,"sophisticatedbackpacks:gold_backpack":1,"minecraft:stone_axe":1,"minecraft:bread":45,"minecraft:air":0,"minecraft:oak_boat":1,"minecraft:iron_chestplate":1,"minecraft:stick":4,"minecraft:iron_ingot":14,"minecraft:gold_ingot":45,"minecraft:torch":16},"minecraft:dropped":{"byg:biomepedia":1,"minecraft:oak_slab":1,"minecraft:birch_planks":2,"minecraft:porkchop":1,"minecraft:golden_helmet":1,"minecraft:oak_log":27,"minecraft:baked_potato":10,"minecraft:glass_bottle":1,"useless_sword:turtle_sword":1,"minecraft:crossbow":1,"minecraft:iron_helmet":2,"minecraft:feather":6,"minecraft:cobblestone":16,"minecraft:book":51,"minecraft:lantern":3,"minecraft:leather":1,"spelunkery:rough_emerald":1,"minecraft:cracked_stone_bricks":1,"minecraft:emerald":49,"minecraft:dirt":3,"minecraft:dark_oak_log":8,"farmersdelight:golden_knife":1,"irons_spellbooks:affinity_ring":1,"irons_spellbooks:arcane_essence":2,"minecraft:fire_charge":2,"minecraft:iron_leggings":1,"gravestone:obituary":44,"minecraft:wooden_sword":1,"minecraft:gold_nugget":1,"minecraft:golden_hoe":1,"minecraft:white_banner":4,"minecraft:iron_pickaxe":1,"minecraft:chipped_anvil":1,"minecraft:paper":2,"minecraft:dark_oak_planks":2,"irons_spellbooks:emerald_stoneplate_ring":2,"minecraft:bucket":2,"minecraft:cyan_carpet":7,"minecraft:spruce_sapling":6,"hmag:soul_powder":1,"irons_spellbooks:fire_ale":1,"irons_spellbooks:wayward_compass":1,"minecraft:iron_nugget":10,"minecraft:golden_chestplate":2,"alexsmobs:animal_dictionary":1,"minecraft:cobbled_deepslate":2,"minecraft:bowl":4,"minecraft:green_bed":1,"irons_spellbooks:uncommon_ink":1,"minecraft:rotten_flesh":5,"minecraft:quartz_bricks":4,"irons_spellbooks:inscription_table":1,"minecraft:recovery_compass":1,"minecraft:lily_of_the_valley":1,"supplementaries:ash":8,"minecraft:bundle":1,"minecraft:iron_chestplate":1,"minecraft:spruce_pressure_plate":1,"minecraft:leather_boots":1,"create:hand_crank":1,"spelunkery:parachute":1,"minecraft:leather_leggings":1,"minecraft:arrow":6,"minecraft:stone_pickaxe":1,"minecraft:wooden_pickaxe":1,"minecraft:cooked_rabbit":3,"minecraft:black_wool":1},"minecraft:mined":{"minecraft:dark_oak_planks":2,"minecraft:diamond_ore":1,"minecraft:tuff":1,"minecraft:spruce_planks":3,"minecraft:mossy_cobblestone":2,"minecraft:deepslate_diamond_ore":5,"minecraft:candle":1,"minecraft:ladder":3,"gravestone:gravestone":32,"minecraft:weathered_copper":1,"minecraft:grass_block":8,"minecraft:yellow_carpet":1,"minecraft:spawner":5,"minecraft:hay_block":15,"minecraft:iron_ore":9,"minecraft:fire":9,"treechop:chopped_log":5,"minecraft:deepslate_lapis_ore":4,"minecraft:gold_block":4,"minecraft:bell":1,"minecraft:bookshelf":18,"minecraft:cobblestone_slab":1,"minecraft:deepslate_iron_ore":15,"minecraft:packed_ice":7,"irons_spellbooks:inscription_table":1,"minecraft:stone":14,"minecraft:white_wool":1,"minecraft:spruce_slab":1,"minecraft:pink_terracotta":2,"minecraft:green_bed":2,"minecraft:piston_head":2,"minecraft:podzol":1,"minecraft:lily_of_the_valley":1,"minecraft:stone_brick_slab":1,"minecraft:powder_snow":5,"minecraft:crafting_table":3,"minecraft:torch":5,"minecraft:blast_furnace":1,"minecraft:emerald_ore":1,"organics:bone_ore":4,"minecraft:chest":1,"minecraft:deepslate_coal_ore":18,"minecraft:cobblestone":12,"minecraft:quartz_bricks":4,"minecraft:grindstone":1,"minecraft:sugar_cane":3,"minecraft:sculk":3,"minecraft:wall_torch":4,"supplementaries:urn":1,"minecraft:birch_planks":5,"minecraft:birch_trapdoor":2,"minecraft:gray_bed":1,"minecraft:stone_brick_stairs":1,"create:mechanical_drill":1,"minecraft:black_wool":1,"minecraft:coal_ore":16,"minecraft:oak_log":1,"minecraft:gravel":9,"minecraft:dirt":7,"minecraft:brown_terracotta":1,"minecraft:cobweb":48,"minecraft:cracked_stone_bricks":1,"minecraft:stone_bricks":1,"minecraft:chipped_anvil":1,"minecraft:mossy_stone_bricks":1,"minecraft:deepslate":3},"minecraft:used":{"minecraft:iron_shovel":14,"minecraft:flint_and_steel":45,"minecraft:chest":1,"minecraft:spruce_planks":11,"minecraft:iron_sword":81,"minecraft:torch":17,"minecraft:bell":1,"minecraft:iron_chestplate":1,"minecraft:dirt":20,"spelunkery:portal_fluid_bottle":1,"minecraft:lava_bucket":24,"minecraft:iron_axe":12,"minecraft:rabbit_stew":2,"minecraft:birch_trapdoor":1,"minecraft:bow":8,"create:mechanical_drill":1,"minecraft:cooked_beef":1,"minecraft:cobbled_deepslate":1,"minecraft:cooked_mutton":2,"minecraft:water_bucket":29,"minecraft:birch_planks":3,"minecraft:bundle":1,"minecraft:stone_pickaxe":1,"minecraft:baked_potato":10,"minecraft:wooden_pickaxe":10,"artifacts:eternal_steak":11,"minecraft:crafting_table":5,"useless_sword:valhalla_sword":146,"spelunkery:mineomite":8,"hmag:spectral_soup":2,"minecraft:spruce_log":1,"minecraft:black_wool":1,"minecraft:apple":2,"minecraft:bread":53,"minecraft:iron_pickaxe":149,"minecraft:stone_axe":38,"minecraft:wooden_sword":2,"minecraft:white_banner":3,"minecraft:bucket":55,"minecraft:oak_boat":1,"minecraft:pumpkin_pie":12,"minecraft:tropical_fish_bucket":1,"minecraft:splash_potion":1,"minecraft:experience_bottle":1},"minecraft:broken":{"minecraft:golden_boots":1,"minecraft:iron_helmet":1},"minecraft:picked_up":{"sophisticatedbackpacks:gold_backpack":1,"minecraft:crafting_table":3,"irons_spellbooks:affinity_ring":1,"spelunkery:rough_emerald":1,"hmag:cooked_ravager_meat":7,"minecraft:wooden_pickaxe":1,"minecraft:gold_block":5,"gravestone:obituary":12,"spelunkery:conk_fungus":1,"minecraft:string":69,"hmag:ravager_meat":6,"minecraft:iron_axe":1,"minecraft:sticky_piston":2,"minecraft:iron_shovel":1,"minecraft:cyan_carpet":7,"minecraft:cracked_stone_bricks":1,"irons_spellbooks:arcane_essence":2,"minecraft:candle":3,"minecraft:cobbled_deepslate":3,"minecraft:spruce_planks":2,"minecraft:iron_pickaxe":2,"irons_spellbooks:emerald_stoneplate_ring":2,"minecraft:coal_block":1,"minecraft:sugar_cane":7,"minecraft:chest":1,"farmersdelight:golden_knife":1,"irons_spellbooks:inscription_table":1,"useless_sword:ravager_leather":1,"minecraft:spruce_pressure_plate":1,"minecraft:raw_iron":25,"minecraft:stick":13,"minecraft:birch_trapdoor":1,"minecraft:torch":9,"minecraft:green_bed":2,"minecraft:fire_charge":1,"create:hand_crank":1,"minecraft:diorite":1,"spelunkery:raw_magnetite_nugget":2,"minecraft:carrot":1,"minecraft:golden_chestplate":1,"minecraft:dark_oak_planks":2,"minecraft:arrow":35,"minecraft:rotten_flesh":19,"spelunkery:coal_lump":82,"minecraft:hay_block":15,"minecraft:iron_block":1,"artifacts:cross_necklace":6,"minecraft:saddle":2,"minecraft:totem_of_undying":1,"supplementaries:ash":10,"minecraft:white_wool":2,"minecraft:cobblestone":39,"useless_sword:valhalla_sword":3,"minecraft:feather":6,"artifacts:digging_claws":3,"wandering_bags:pillager_bag":1,"minecraft:leather":1,"minecraft:potato":1,"minecraft:birch_planks":5,"minecraft:flint":1,"minecraft:oak_log":34,"minecraft:gunpowder":2,"minecraft:dirt":26,"minecraft:paper":1,"minecraft:lantern":4,"minecraft:white_banner":7,"minecraft:bone":13,"minecraft:chipped_anvil":2,"minecraft:apple":3,"minecraft:kelp":5,"minecraft:bow":1,"create:mechanical_drill":1,"minecraft:bell":1,"minecraft:grindstone":1,"minecraft:iron_ingot":8,"spelunkery:rough_lazurite":8,"minecraft:mossy_stone_bricks":1,"artifacts:antidote_vessel":4,"minecraft:gray_bed":1,"minecraft:book":102,"spelunkery:rough_diamond_shard":5,"minecraft:oak_slab":1,"hmag:soul_powder":1,"minecraft:gravel":11,"minecraft:weathered_copper":1,"minecraft:spruce_sapling":6,"minecraft:ink_sac":1,"minecraft:blast_furnace":1,"minecraft:spruce_log":9,"minecraft:lily_of_the_valley":1,"minecraft:spider_eye":2,"minecraft:mossy_cobblestone":4,"minecraft:quartz_bricks":4,"minecraft:slime_ball":4,"spelunkery:rough_lazurite_shard":18,"spelunkery:rough_diamond":6,"minecraft:iron_helmet":1,"wandering_bags:witch_bag":2,"minecraft:crossbow":1,"spelunkery:raw_iron_nugget":42,"minecraft:emerald":58,"minecraft:bread":5,"minecraft:oak_sapling":9,"minecraft:black_wool":2,"minecraft:coal":34,"minecraft:ender_pearl":1},"minecraft:custom":{"minecraft:interact_with_smithing_table":2,"lootr:looted_stat":124,"minecraft:inspect_dropper":1,"minecraft:interact_with_anvil":1,"minecraft:mob_kills":67,"minecraft:interact_with_crafting_table":15,"minecraft:open_barrel":19,"minecraft:bell_ring":55,"minecraft:eat_cake_slice":4,"minecraft:leave_game":3,"minecraft:time_since_death":2241,"minecraft:climb_one_cm":20802,"minecraft:sprint_one_cm":411094,"minecraft:walk_one_cm":596150,"minecraft:drop":173,"minecraft:talked_to_villager":8,"minecraft:play_time":200268,"minecraft:sneak_time":5184,"minecraft:deaths":34,"minecraft:walk_under_water_one_cm":143700,"minecraft:interact_with_lectern":1,"minecraft:boat_one_cm":704,"minecraft:jump":2246,"minecraft:interact_with_blast_furnace":2,"minecraft:walk_on_water_one_cm":59823,"minecraft:total_world_time":200268,"minecraft:interact_with_furnace":4,"minecraft:interact_with_cartography_table":1,"minecraft:raid_trigger":1,"minecraft:sleep_in_bed":3,"minecraft:time_since_rest":2270,"minecraft:damage_taken":19621,"minecraft:damage_dealt":10643,"minecraft:player_kills":4,"minecraft:swim_one_cm":143815,"minecraft:fly_one_cm":712785,"minecraft:open_chest":31,"minecraft:crouch_one_cm":18856,"minecraft:interact_with_smoker":1,"minecraft:fall_one_cm":139544},"minecraft:killed":{"minecraft:vex":3,"minecraft:cave_spider":3,"minecraft:witch":2,"minecraft:spider":5,"minecraft:vindicator":1,"minecraft:slime":4,"creeperoverhaul:snowy_creeper":1,"minecraft:skeleton":5,"hmag:zombie_girl":1,"minecraft:drowned":1,"artifacts:mimic":1,"minecraft:parrot":3,"minecraft:bat":1,"minecraft:pillager":13,"minecraft:zombie":9},"minecraft:killed_by":{"alexsmobs:skelewag":2,"minecraft:pillager":2,"minecraft:vindicator":9,"creeperoverhaul:ocean_creeper":6,"arphex:blood_worm":1,"minecraft:skeleton":2,"minecraft:zombie":2,"minecraft:vex":1}},"DataVersion":3120}