{"stats":{"minecraft:crafted":{"minecraft:oak_planks":108,"minecraft:furnace":1,"minecraft:oak_trapdoor":2,"minecraft:ladder":3,"minecraft:stone_pickaxe":1,"minecraft:chest":6,"minecraft:oak_fence":6,"minecraft:wheat":117,"minecraft:oak_slab":6,"minecraft:crafting_table":2,"minecraft:wooden_pickaxe":1,"vs_eureka:balloon":20,"minecraft:iron_sword":1,"minecraft:birch_planks":28,"minecraft:stone_axe":1,"minecraft:bread":43,"minecraft:air":0,"vs_eureka:oak_ship_helm":1,"minecraft:birch_fence":6,"minecraft:stick":44,"minecraft:iron_ingot":8,"minecraft:iron_pickaxe":1,"minecraft:wooden_axe":1,"minecraft:stone_sword":1,"minecraft:torch":40,"minecraft:shears":1},"minecraft:dropped":{"byg:biomepedia":2,"minecraft:golden_boots":1,"minecraft:golden_helmet":1,"minecraft:glass_bottle":2,"minecraft:wooden_axe":1,"minecraft:rose_bush":2,"gravestone:obituary":18,"spelunkery:portal_fluid_bottle":1,"alexsmobs:animal_dictionary":2,"minecraft:rotten_flesh":6,"minecraft:peony":1,"minecraft:wooden_pickaxe":2},"minecraft:mined":{"minecraft:large_amethyst_bud":1,"gravestone:gravestone":9,"minecraft:ladder":1,"minecraft:grass_block":3,"minecraft:hay_block":13,"minecraft:furnace":1,"minecraft:iron_ore":20,"treechop:chopped_log":4,"minecraft:peony":1,"minecraft:bookshelf":9,"minecraft:small_amethyst_bud":1,"irons_spellbooks:inscription_table":1,"minecraft:stone":14,"minecraft:white_wool":19,"minecraft:tripwire":1,"minecraft:smithing_table":1,"minecraft:oak_slab":2,"minecraft:amethyst_cluster":1,"minecraft:powder_snow":1,"minecraft:crafting_table":2,"minecraft:torch":1,"spelunkery:granite_copper_ore":1,"minecraft:chest":1,"minecraft:copper_ore":1,"minecraft:cobblestone":5,"minecraft:sugar_cane":3,"minecraft:oak_planks":9,"minecraft:wall_torch":1,"supplementaries:urn":1,"vs_eureka:balloon":1,"minecraft:birch_planks":13,"minecraft:birch_trapdoor":2,"minecraft:yellow_bed":1,"minecraft:grass":4,"minecraft:coal_ore":3,"minecraft:dirt":4,"minecraft:cobweb":12,"minecraft:red_mushroom_block":2,"minecraft:fern":1},"minecraft:used":{"minecraft:writable_book":1,"minecraft:stone_sword":39,"minecraft:ladder":4,"minecraft:chest":7,"minecraft:shield":12,"minecraft:iron_sword":37,"minecraft:torch":11,"minecraft:dirt":16,"minecraft:wooden_axe":21,"vs_eureka:oak_ship_helm":1,"minecraft:tripwire_hook":1,"minecraft:birch_trapdoor":2,"minecraft:furnace":2,"minecraft:stone_pickaxe":43,"minecraft:oak_planks":44,"minecraft:wooden_pickaxe":10,"minecraft:oak_slab":5,"minecraft:crafting_table":4,"useless_sword:valhalla_sword":5,"useless_sword:wooden_cactus_sword":5,"minecraft:shears":22,"minecraft:birch_fence":2,"minecraft:bread":37,"minecraft:string":1,"minecraft:iron_pickaxe":5,"minecraft:golden_helmet":1,"minecraft:stone_axe":44,"vs_eureka:balloon":21,"minecraft:wooden_sword":16,"minecraft:cobblestone":1,"minecraft:potion":1,"minecraft:smithing_table":1,"minecraft:pumpkin_pie":2,"minecraft:yellow_bed":1,"minecraft:oak_trapdoor":2,"irons_spellbooks:inscription_table":1,"minecraft:oak_fence":3},"minecraft:broken":{"minecraft:stone_sword":1,"minecraft:wooden_sword":1},"minecraft:picked_up":{"irons_spellbooks:scroll":1,"minecraft:wheat":3,"spelunkery:tangle_roots":2,"minecraft:crafting_table":2,"minecraft:coarse_dirt":2,"byg:soapstone":2,"minecraft:chicken":1,"minecraft:ladder":3,"minecraft:smithing_table":1,"minecraft:wooden_pickaxe":1,"gravestone:obituary":12,"minecraft:string":17,"minecraft:raw_copper":30,"minecraft:iron_leggings":1,"irons_spellbooks:arcane_essence":2,"minecraft:beef":10,"minecraft:rose_bush":2,"irons_spellbooks:epic_ink":1,"minecraft:sugar_cane":6,"minecraft:chest":1,"minecraft:birch_sapling":5,"irons_spellbooks:inscription_table":1,"minecraft:iron_boots":1,"minecraft:furnace":1,"minecraft:golden_helmet":2,"minecraft:stick":6,"minecraft:raw_iron":30,"minecraft:birch_trapdoor":2,"minecraft:torch":3,"spelunkery:portal_fluid_bottle":1,"minecraft:carrot":27,"irons_spellbooks:fire_rune":1,"byg:biomepedia":1,"minecraft:rotten_flesh":11,"minecraft:golden_hoe":1,"minecraft:peony":1,"minecraft:shears":1,"minecraft:hay_block":13,"supplementaries:ash":3,"minecraft:mutton":7,"minecraft:cobblestone":30,"minecraft:white_wool":28,"minecraft:birch_log":7,"minecraft:tripwire_hook":8,"minecraft:brown_wool":1,"minecraft:leather":5,"minecraft:potato":3,"minecraft:filled_map":1,"minecraft:birch_planks":20,"minecraft:oak_log":27,"supplementaries:flax_seeds":2,"minecraft:yellow_bed":1,"minecraft:dirt":25,"irons_spellbooks:rare_ink":1,"minecraft:apple":1,"minecraft:wheat_seeds":11,"vs_eureka:balloon":1,"minecraft:iron_ingot":12,"minecraft:cobweb":3,"minecraft:oak_planks":8,"minecraft:book":30,"minecraft:oak_slab":1,"minecraft:gravel":55,"minecraft:amethyst_shard":4,"alexsmobs:animal_dictionary":1,"minecraft:spider_eye":4,"minecraft:emerald":1,"minecraft:baked_potato":5,"minecraft:oak_sapling":8,"minecraft:coal":3},"minecraft:custom":{"lootr:looted_stat":44,"minecraft:mob_kills":22,"minecraft:interact_with_crafting_table":27,"minecraft:open_barrel":1,"minecraft:leave_game":1,"minecraft:time_since_death":9795,"minecraft:climb_one_cm":9371,"minecraft:sprint_one_cm":250685,"minecraft:walk_one_cm":194846,"minecraft:damage_blocked_by_shield":435,"minecraft:drop":37,"minecraft:talked_to_villager":1,"minecraft:play_time":98052,"minecraft:deaths":9,"minecraft:sneak_time":2403,"minecraft:walk_under_water_one_cm":315,"minecraft:interact_with_lectern":1,"minecraft:jump":1026,"minecraft:walk_on_water_one_cm":392,"minecraft:total_world_time":98052,"minecraft:interact_with_furnace":12,"minecraft:sleep_in_bed":2,"minecraft:time_since_rest":9829,"minecraft:damage_taken":4721,"minecraft:damage_dealt":5099,"minecraft:swim_one_cm":256,"minecraft:fly_one_cm":281041,"minecraft:open_chest":48,"minecraft:crouch_one_cm":5388,"minecraft:fall_one_cm":39843},"minecraft:killed":{"minecraft:cave_spider":6,"irons_spellbooks:pyromancer":1,"minecraft:spider":1,"irons_spellbooks:summoned_polar_bear":1,"minecraft:sheep":4,"minecraft:pillager":1,"minecraft:zombie":2,"minecraft:cow":4},"minecraft:killed_by":{"minecraft:player":3,"irons_spellbooks:cryomancer":1,"irons_spellbooks:pyromancer":1,"minecraft:creeper":1,"hmag:zombie_girl":1,"minecraft:bee":1,"minecraft:zombie":1}},"DataVersion":3120}