{"stats":{"minecraft:broken":{"minecraft:stone_sword":1,"minecraft:wooden_sword":1},"minecraft:killed":{"minecraft:evoker":1,"minecraft:cave_spider":6,"irons_spellbooks:pyromancer":1,"minecraft:spider":1,"irons_spellbooks:summoned_polar_bear":1,"seeds:waste":1,"minecraft:sheep":4,"minecraft:pillager":4,"minecraft:zombie":2,"minecraft:cow":4},"minecraft:used":{"minecraft:writable_book":1,"minecraft:stone_sword":39,"minecraft:spruce_slab":1,"minecraft:ladder":4,"minecraft:chest":28,"minecraft:shield":12,"minecraft:iron_sword":37,"minecraft:torch":12,"minecraft:dirt":16,"minecraft:wooden_axe":21,"minecraft:iron_axe":18,"vs_eureka:oak_ship_helm":2,"minecraft:tripwire_hook":1,"minecraft:birch_trapdoor":2,"minecraft:red_carpet":1,"minecraft:furnace":2,"minecraft:stone_pickaxe":43,"minecraft:oak_planks":44,"minecraft:cartography_table":1,"minecraft:wooden_pickaxe":10,"minecraft:oak_slab":5,"minecraft:crafting_table":5,"useless_sword:valhalla_sword":23,"useless_sword:wooden_cactus_sword":5,"minecraft:shears":22,"minecraft:birch_fence":2,"minecraft:bread":44,"minecraft:string":1,"minecraft:iron_pickaxe":5,"minecraft:golden_helmet":1,"minecraft:stone_axe":44,"vs_eureka:balloon":84,"minecraft:wooden_sword":16,"minecraft:cobblestone":1,"minecraft:potion":1,"minecraft:white_banner":3,"minecraft:smithing_table":1,"minecraft:pumpkin_pie":2,"minecraft:yellow_bed":2,"minecraft:oak_trapdoor":3,"irons_spellbooks:inscription_table":2,"minecraft:oak_fence":3},"minecraft:custom":{"lootr:looted_stat":53,"minecraft:mob_kills":28,"minecraft:interact_with_crafting_table":32,"minecraft:open_barrel":8,"minecraft:damage_dealt_resisted":19,"minecraft:leave_game":2,"minecraft:time_since_death":5341,"minecraft:climb_one_cm":11316,"minecraft:sprint_one_cm":301845,"minecraft:walk_one_cm":252721,"minecraft:damage_blocked_by_shield":435,"minecraft:drop":41,"minecraft:talked_to_villager":1,"minecraft:play_time":125882,"minecraft:deaths":13,"minecraft:sneak_time":3453,"minecraft:walk_under_water_one_cm":15620,"minecraft:interact_with_lectern":1,"minecraft:jump":1172,"minecraft:walk_on_water_one_cm":1234,"minecraft:total_world_time":125882,"minecraft:interact_with_furnace":12,"enigmaticlegacy:play_time_without_seven_curses":5827,"minecraft:sleep_in_bed":2,"minecraft:time_since_rest":5364,"minecraft:damage_taken":5993,"minecraft:damage_dealt":6347,"minecraft:swim_one_cm":6088,"minecraft:fly_one_cm":309696,"minecraft:open_chest":84,"minecraft:crouch_one_cm":8896,"enigmaticlegacy:play_time_with_seven_curses":0,"minecraft:fall_one_cm":47770},"minecraft:picked_up":{"irons_spellbooks:scroll":1,"byg:soapstone":2,"spelunkery:tangle_roots":2,"minecraft:crafting_table":2,"minecraft:coarse_dirt":2,"minecraft:wheat":3,"minecraft:chicken":1,"minecraft:ladder":3,"minecraft:smithing_table":1,"minecraft:wooden_pickaxe":1,"minecraft:string":17,"minecraft:oak_trapdoor":1,"minecraft:raw_copper":30,"minecraft:iron_leggings":1,"minecraft:iron_shovel":2,"irons_spellbooks:arcane_essence":2,"minecraft:cartography_table":1,"minecraft:beef":10,"minecraft:rose_bush":2,"irons_spellbooks:epic_ink":1,"minecraft:spruce_slab":1,"minecraft:sugar_cane":6,"minecraft:chest":9,"minecraft:birch_sapling":5,"irons_spellbooks:inscription_table":2,"minecraft:iron_boots":1,"minecraft:furnace":1,"minecraft:golden_helmet":2,"minecraft:stick":6,"minecraft:raw_iron":30,"minecraft:birch_trapdoor":2,"minecraft:torch":4,"spelunkery:portal_fluid_bottle":2,"minecraft:porkchop":1,"minecraft:carrot":27,"irons_spellbooks:fire_rune":1,"byg:biomepedia":1,"minecraft:arrow":2,"minecraft:rotten_flesh":11,"minecraft:golden_hoe":1,"minecraft:peony":1,"minecraft:shears":1,"minecraft:hay_block":13,"minecraft:totem_of_undying":1,"supplementaries:ash":3,"minecraft:mutton":10,"minecraft:cobblestone":30,"minecraft:white_wool":28,"minecraft:birch_log":7,"minecraft:tripwire_hook":8,"minecraft:brown_wool":1,"minecraft:leather":5,"minecraft:potato":3,"minecraft:filled_map":1,"minecraft:birch_planks":20,"minecraft:oak_log":51,"supplementaries:flax_seeds":2,"minecraft:yellow_bed":2,"minecraft:dirt":26,"minecraft:white_banner":3,"irons_spellbooks:rare_ink":1,"minecraft:red_carpet":1,"minecraft:apple":1,"minecraft:wheat_seeds":11,"vs_eureka:balloon":20,"minecraft:iron_ingot":12,"minecraft:cobweb":3,"minecraft:oak_planks":8,"minecraft:book":30,"minecraft:oak_slab":1,"vs_eureka:oak_ship_helm":1,"minecraft:cooked_porkchop":1,"minecraft:gravel":55,"minecraft:amethyst_shard":4,"minecraft:dark_oak_log":8,"minecraft:spider_eye":4,"alexsmobs:animal_dictionary":1,"minecraft:crossbow":1,"minecraft:emerald":3,"minecraft:baked_potato":5,"minecraft:oak_sapling":8,"minecraft:black_wool":13,"minecraft:coal":3},"minecraft:mined":{"minecraft:large_amethyst_bud":1,"minecraft:red_carpet":1,"gravestone:gravestone":12,"minecraft:ladder":1,"minecraft:grass_block":3,"minecraft:cartography_table":1,"minecraft:hay_block":13,"minecraft:oak_trapdoor":1,"minecraft:furnace":1,"minecraft:iron_ore":20,"treechop:chopped_log":4,"minecraft:peony":1,"minecraft:bookshelf":9,"minecraft:small_amethyst_bud":1,"minecraft:white_banner":3,"irons_spellbooks:inscription_table":2,"minecraft:stone":14,"minecraft:white_wool":19,"minecraft:tripwire":1,"minecraft:smithing_table":2,"minecraft:oak_slab":2,"minecraft:amethyst_cluster":1,"minecraft:powder_snow":1,"minecraft:crafting_table":2,"minecraft:torch":1,"spelunkery:granite_copper_ore":1,"minecraft:chest":10,"minecraft:copper_ore":1,"minecraft:cobblestone":5,"minecraft:sugar_cane":3,"minecraft:oak_planks":9,"minecraft:wall_torch":2,"supplementaries:urn":1,"vs_eureka:balloon":21,"minecraft:birch_planks":13,"vs_eureka:oak_ship_helm":1,"minecraft:birch_trapdoor":2,"minecraft:yellow_bed":2,"minecraft:grass":4,"minecraft:black_wool":7,"minecraft:coal_ore":3,"minecraft:dirt":5,"minecraft:cobweb":12,"minecraft:red_mushroom_block":2,"minecraft:fern":1},"minecraft:killed_by":{"minecraft:player":3,"irons_spellbooks:cryomancer":1,"irons_spellbooks:pyromancer":1,"minecraft:creeper":1,"hmag:zombie_girl":1,"minecraft:bee":1,"minecraft:zombie":1,"minecraft:vex":3},"minecraft:crafted":{"minecraft:oak_planks":188,"minecraft:furnace":1,"minecraft:oak_trapdoor":2,"minecraft:ladder":3,"minecraft:stone_pickaxe":1,"minecraft:chest":19,"minecraft:dark_oak_planks":32,"minecraft:oak_fence":6,"minecraft:wheat":117,"minecraft:oak_slab":6,"minecraft:crafting_table":3,"minecraft:wooden_pickaxe":1,"vs_eureka:balloon":44,"minecraft:iron_sword":1,"minecraft:birch_planks":28,"minecraft:stone_axe":1,"minecraft:bread":43,"minecraft:air":0,"vs_eureka:oak_ship_helm":1,"minecraft:birch_fence":6,"minecraft:stick":44,"minecraft:iron_ingot":8,"minecraft:iron_pickaxe":1,"minecraft:wooden_axe":1,"minecraft:stone_sword":1,"minecraft:iron_shovel":1,"minecraft:torch":40,"easypaxellite:iron_paxel":1,"minecraft:shears":1},"minecraft:dropped":{"byg:biomepedia":2,"minecraft:golden_boots":1,"minecraft:golden_helmet":1,"minecraft:glass_bottle":2,"minecraft:cooked_porkchop":1,"minecraft:wooden_axe":1,"minecraft:rose_bush":2,"minecraft:iron_shovel":2,"spelunkery:portal_fluid_bottle":1,"alexsmobs:animal_dictionary":2,"minecraft:rotten_flesh":6,"minecraft:carrot":1,"minecraft:peony":1,"minecraft:wooden_pickaxe":2}},"DataVersion":3120}