{"stats":{"minecraft:broken":{"minecraft:shears":1,"minecraft:wooden_sword":1,"minecraft:stone_sword":1,"create:sand_paper":1},"minecraft:used":{"minecraft:writable_book":1,"minecraft:spruce_slab":4,"minecraft:ladder":25,"minecraft:chest":28,"minecraft:shield":34,"minecraft:iron_sword":37,"lootr:trophy":1,"minecraft:carrot":11,"vs_eureka:oak_ship_helm":2,"minecraft:birch_trapdoor":2,"minecraft:red_carpet":1,"minecraft:furnace":4,"minecraft:potato":8,"minecraft:diorite":2,"minecraft:stone_pickaxe":43,"minecraft:oak_planks":51,"minecraft:wooden_pickaxe":10,"minecraft:composter":1,"minecraft:dark_oak_trapdoor":4,"useless_sword:valhalla_sword":52,"minecraft:shears":492,"minecraft:lightning_rod":1,"minecraft:birch_fence":2,"waystones:waystone":1,"minecraft:bread":85,"minecraft:string":1,"minecraft:golden_helmet":1,"minecraft:wooden_sword":16,"vs_eureka:engine":1,"minecraft:smithing_table":2,"minecraft:cooked_rabbit":5,"minecraft:oak_fence":3,"minecraft:oak_trapdoor":3,"minecraft:iron_bars":14,"minecraft:stone_sword":39,"minecraft:armor_stand":1,"minecraft:oak_door":1,"minecraft:torch":53,"minecraft:dirt":112,"minecraft:spruce_stairs":1,"minecraft:iron_hoe":20,"minecraft:wooden_axe":21,"minecraft:dark_oak_planks":9,"minecraft:iron_axe":18,"minecraft:barrel":1,"minecraft:tripwire_hook":1,"minecraft:water_bucket":59,"useless_sword:gold_iron_alloy_sword":56,"minecraft:baked_potato":12,"minecraft:cartography_table":1,"minecraft:oak_slab":5,"minecraft:crafting_table":6,"useless_sword:wooden_cactus_sword":5,"easypaxellite:iron_paxel":524,"minecraft:iron_pickaxe":5,"minecraft:stone_axe":44,"vs_eureka:balloon":541,"minecraft:cobblestone":2,"minecraft:potion":1,"minecraft:white_banner":5,"minecraft:red_banner":1,"minecraft:bucket":59,"minecraft:yellow_bed":2,"minecraft:pumpkin_pie":2,"byg:palm_planks":1,"irons_spellbooks:inscription_table":2},"minecraft:killed":{"arphex:mosquito_morbidity":2,"minecraft:cave_spider":6,"irons_spellbooks:pyromancer":1,"minecraft:spider":3,"irons_spellbooks:summoned_polar_bear":1,"minecraft:skeleton":5,"minecraft:creeper":1,"minecraft:sheep":4,"minecraft:pillager":12,"minecraft:zombie":5,"minecraft:cow":4,"minecraft:evoker":1,"minecraft:vindicator":2,"minecraft:slime":21,"seeds:waste":1,"minecraft:drowned":3},"minecraft:custom":{"enigmaticlegacy:play_time_with_seven_curses":20854,"lootr:looted_stat":113,"minecraft:interact_with_crafting_table":52,"minecraft:open_barrel":38,"minecraft:leave_game":2,"minecraft:time_since_death":31748,"minecraft:sprint_one_cm":629530,"minecraft:damage_blocked_by_shield":1800,"minecraft:drop":63,"minecraft:talked_to_villager":1,"minecraft:play_time":317882,"minecraft:deaths":23,"minecraft:jump":1963,"minecraft:walk_on_water_one_cm":17314,"minecraft:interact_with_furnace":21,"minecraft:interact_with_cartography_table":1,"minecraft:sleep_in_bed":6,"minecraft:waystone_activated":2,"minecraft:damage_dealt":10797,"minecraft:crouch_one_cm":18941,"minecraft:inspect_dispenser":11,"minecraft:interact_with_smithing_table":1,"minecraft:inspect_dropper":9,"minecraft:mob_kills":78,"minecraft:damage_dealt_resisted":323,"minecraft:climb_one_cm":25531,"minecraft:walk_one_cm":647603,"minecraft:damage_dealt_absorbed":48,"minecraft:sneak_time":8459,"minecraft:walk_under_water_one_cm":52794,"minecraft:interact_with_lectern":1,"minecraft:total_world_time":317882,"enigmaticlegacy:play_time_without_seven_curses":176633,"minecraft:time_since_rest":31775,"minecraft:damage_taken":11724,"minecraft:swim_one_cm":15429,"minecraft:fly_one_cm":647750,"minecraft:open_chest":215,"minecraft:fall_one_cm":112743},"minecraft:picked_up":{"irons_spellbooks:scroll":1,"spelunkery:tangle_roots":2,"minecraft:wheat":3,"minecraft:chainmail_boots":1,"minecraft:smithing_table":2,"minecraft:lead":1,"minecraft:brewing_stand":1,"minecraft:dark_oak_trapdoor":2,"minecraft:string":17,"minecraft:raw_copper":34,"minecraft:armor_stand":1,"minecraft:iron_leggings":1,"irons_spellbooks:arcane_essence":2,"minecraft:gold_nugget":22,"minecraft:cobbled_deepslate":9,"minecraft:spruce_planks":1,"minecraft:rose_bush":2,"minecraft:coal_block":8,"irons_spellbooks:inscription_table":2,"minecraft:furnace":2,"minecraft:iron_boots":1,"minecraft:golden_helmet":2,"minecraft:stick":6,"minecraft:composter":1,"spelunkery:rough_cinnabar_shard":22,"minecraft:birch_trapdoor":2,"minecraft:acacia_log":7,"minecraft:torch":7,"spelunkery:portal_fluid_bottle":2,"minecraft:spruce_stairs":1,"minecraft:porkchop":1,"irons_spellbooks:fire_rune":1,"minecraft:rotten_flesh":17,"supplementaries:antique_ink":2,"supplementaries:ash":15,"minecraft:cobblestone":81,"minecraft:birch_log":9,"minecraft:brown_wool":1,"minecraft:potato":3,"spelunkery:rough_cinnabar":9,"supplementaries:flax_seeds":2,"minecraft:dirt":152,"minecraft:bone":8,"minecraft:wheat_seeds":11,"minecraft:raw_gold":9,"minecraft:oak_planks":9,"spelunkery:rough_diamond_shard":2,"minecraft:cooked_porkchop":1,"minecraft:dropper":1,"minecraft:sand":23,"minecraft:dark_oak_log":20,"minecraft:barrel":1,"alexsmobs:animal_dictionary":1,"minecraft:dispenser":1,"spelunkery:rough_lazurite_shard":19,"waystones:waystone":1,"minecraft:crossbow":1,"minecraft:emerald":8,"spelunkery:raw_gold_nugget":22,"minecraft:oak_sapling":8,"minecraft:coarse_dirt":2,"minecraft:crafting_table":2,"byg:soapstone":2,"minecraft:chicken":1,"minecraft:ladder":15,"minecraft:leather_leggings":1,"spelunkery:rough_emerald":47,"minecraft:wooden_pickaxe":1,"minecraft:gold_block":1,"minecraft:oak_trapdoor":1,"minecraft:iron_axe":2,"minecraft:iron_shovel":2,"minecraft:cartography_table":1,"minecraft:beef":10,"irons_spellbooks:epic_ink":1,"minecraft:iron_nugget":32,"minecraft:spruce_slab":21,"minecraft:sugar_cane":6,"minecraft:chest":9,"minecraft:birch_sapling":5,"minecraft:raw_copper_block":2,"minecraft:raw_iron":96,"minecraft:copper_ingot":1,"sophisticatedbackpacks:backpack":1,"minecraft:stone_button":1,"minecraft:carrot":29,"spelunkery:raw_magnetite_nugget":1,"minecraft:redstone":58,"minecraft:dark_oak_planks":2,"byg:biomepedia":1,"minecraft:arrow":15,"minecraft:peony":1,"minecraft:golden_hoe":1,"minecraft:shears":1,"minecraft:hay_block":38,"minecraft:totem_of_undying":1,"minecraft:mutton":10,"minecraft:white_wool":246,"minecraft:tripwire_hook":8,"minecraft:leather":5,"minecraft:birch_planks":20,"minecraft:filled_map":1,"minecraft:oak_log":56,"minecraft:chainmail_chestplate":1,"minecraft:yellow_bed":2,"minecraft:gunpowder":2,"minecraft:white_banner":5,"irons_spellbooks:rare_ink":1,"minecraft:red_carpet":1,"minecraft:apple":1,"minecraft:gray_carpet":2,"minecraft:iron_ingot":12,"vs_eureka:balloon":267,"spelunkery:rough_lazurite":5,"minecraft:cobweb":3,"minecraft:dark_oak_stairs":4,"minecraft:book":30,"minecraft:oak_slab":1,"vs_eureka:oak_ship_helm":1,"minecraft:raw_iron_block":13,"minecraft:gravel":55,"minecraft:amethyst_shard":4,"byg:palm_planks":1,"minecraft:spider_eye":4,"minecraft:leather_helmet":1,"minecraft:slime_ball":12,"spelunkery:rough_diamond":2,"spelunkery:raw_iron_nugget":52,"minecraft:baked_potato":6,"minecraft:black_wool":18,"minecraft:coal":65,"minecraft:ender_pearl":1},"minecraft:mined":{"minecraft:dark_oak_planks":2,"minecraft:large_amethyst_bud":1,"minecraft:spruce_planks":1,"minecraft:brewing_stand":1,"minecraft:acacia_log":7,"minecraft:grass_block":124,"minecraft:coal_block":8,"minecraft:composter":1,"minecraft:spawner":2,"minecraft:raw_iron_block":13,"minecraft:dark_oak_trapdoor":2,"minecraft:iron_ore":59,"minecraft:barrel":1,"minecraft:deepslate_lapis_ore":4,"minecraft:dark_oak_stairs":6,"minecraft:water_cauldron":1,"minecraft:small_amethyst_bud":1,"minecraft:white_banner":3,"minecraft:spruce_slab":24,"minecraft:tripwire":1,"minecraft:deepslate_redstone_ore":6,"minecraft:amethyst_cluster":1,"minecraft:powder_snow":1,"minecraft:torch":1,"minecraft:chest":10,"minecraft:cobblestone":6,"minecraft:oak_planks":10,"minecraft:sugar_cane":3,"minecraft:wall_torch":3,"vs_eureka:balloon":275,"vs_eureka:oak_ship_helm":1,"minecraft:birch_trapdoor":2,"minecraft:grass":4,"minecraft:oak_log":5,"minecraft:sand":23,"minecraft:dirt":11,"minecraft:raw_copper_block":2,"minecraft:red_mushroom_block":2,"minecraft:dispenser":1,"minecraft:deepslate":6,"minecraft:red_carpet":1,"minecraft:deepslate_diamond_ore":2,"minecraft:dark_oak_log":12,"minecraft:ladder":13,"gravestone:gravestone":12,"minecraft:cartography_table":1,"minecraft:hay_block":38,"minecraft:oak_trapdoor":1,"minecraft:furnace":2,"treechop:chopped_log":4,"minecraft:peony":1,"minecraft:gold_block":1,"minecraft:bookshelf":9,"minecraft:deepslate_iron_ore":21,"minecraft:vine":4,"irons_spellbooks:inscription_table":2,"minecraft:stone":52,"minecraft:white_wool":234,"minecraft:smithing_table":3,"minecraft:oak_slab":2,"byg:palm_planks":4,"minecraft:crafting_table":2,"minecraft:emerald_ore":47,"minecraft:dropper":1,"spelunkery:granite_copper_ore":1,"minecraft:copper_ore":2,"minecraft:deepslate_gold_ore":8,"supplementaries:urn":10,"minecraft:spruce_stairs":1,"minecraft:birch_planks":13,"minecraft:white_wall_banner":1,"minecraft:yellow_bed":2,"minecraft:black_wool":14,"minecraft:coal_ore":65,"minecraft:cobweb":12,"minecraft:gold_ore":1,"minecraft:fern":1},"minecraft:killed_by":{"irons_spellbooks:cryomancer":1,"irons_spellbooks:pyromancer":1,"minecraft:creeper":1,"hmag:zombie_girl":1,"minecraft:drowned":1,"minecraft:vindicator":5,"minecraft:zombie":1,"minecraft:vex":3,"minecraft:player":4,"minecraft:bee":1,"minecraft:phantom":1},"minecraft:crafted":{"minecraft:smooth_stone":10,"minecraft:oak_planks":208,"irons_spellbooks:iron_spell_book":1,"minecraft:chain":3,"minecraft:lightning_rod":1,"minecraft:stone":10,"sophisticatedbackpacks:crafting_upgrade":1,"minecraft:iron_bars":16,"sophisticatedbackpacks:smelting_upgrade":1,"minecraft:chest":22,"minecraft:oak_fence":6,"minecraft:oak_slab":6,"minecraft:wooden_shovel":2,"sophisticatedbackpacks:backpack":1,"minecraft:crafting_table":5,"minecraft:wooden_pickaxe":2,"minecraft:sticky_piston":3,"create:sand_paper":1,"minecraft:birch_planks":28,"waystones:warp_stone":1,"sophisticatedbackpacks:upgrade_base":7,"vs_eureka:oak_ship_helm":1,"minecraft:birch_fence":6,"sophisticatedbackpacks:diamond_backpack":1,"minecraft:stick":64,"minecraft:iron_ingot":8,"minecraft:iron_pickaxe":1,"minecraft:stone_sword":1,"minecraft:shears":3,"sophisticatedbackpacks:deposit_upgrade":1,"minecraft:wooden_sword":1,"minecraft:oak_door":3,"minecraft:iron_nugget":9,"sophisticatedbackpacks:tool_swapper_upgrade":1,"minecraft:furnace":4,"minecraft:blast_furnace":1,"minecraft:piston":4,"irons_spellbooks:graybeard_staff":1,"minecraft:glass_pane":16,"minecraft:oak_trapdoor":2,"vs_eureka:engine":1,"grapplemod:grapplinghook":1,"minecraft:ladder":12,"minecraft:iron_hoe":1,"minecraft:stone_pickaxe":1,"minecraft:dark_oak_planks":96,"minecraft:wheat":117,"sophisticatedbackpacks:iron_backpack":1,"vs_eureka:balloon":260,"minecraft:iron_sword":1,"sophisticatedbackpacks:gold_backpack":1,"minecraft:stone_axe":1,"minecraft:bread":43,"minecraft:air":0,"sophisticatedbackpacks:pickup_upgrade":3,"minecraft:wooden_axe":2,"minecraft:iron_shovel":1,"minecraft:torch":40,"easypaxellite:iron_paxel":1},"minecraft:dropped":{"byg:biomepedia":2,"minecraft:glass_bottle":2,"minecraft:cooked_porkchop":1,"minecraft:cod":7,"minecraft:dirt":1,"spelunkery:portal_fluid_bottle":1,"alexsmobs:animal_dictionary":2,"minecraft:rotten_flesh":6,"minecraft:salmon":5,"minecraft:carrot":1,"minecraft:glass":1,"minecraft:golden_boots":1,"minecraft:golden_helmet":1,"minecraft:golden_carrot":3,"minecraft:wooden_axe":1,"minecraft:rose_bush":2,"minecraft:iron_shovel":2,"minecraft:string":3,"minecraft:peony":1,"irons_spellbooks:iron_spell_book":2,"minecraft:wooden_pickaxe":2}},"DataVersion":3120}