{"stats":{"minecraft:broken":{"minecraft:stone_sword":1,"minecraft:shears":1,"minecraft:wooden_sword":1,"create:sand_paper":1},"minecraft:killed":{"minecraft:evoker":1,"minecraft:cave_spider":6,"irons_spellbooks:pyromancer":1,"minecraft:vindicator":2,"minecraft:spider":1,"irons_spellbooks:summoned_polar_bear":1,"minecraft:slime":21,"seeds:waste":1,"minecraft:skeleton":4,"minecraft:drowned":3,"minecraft:creeper":1,"minecraft:sheep":4,"minecraft:pillager":12,"minecraft:zombie":5,"arphex:mosquito_morbidity":2,"minecraft:cow":4},"minecraft:used":{"minecraft:writable_book":1,"minecraft:stone_sword":39,"minecraft:spruce_slab":1,"minecraft:ladder":13,"minecraft:chest":28,"minecraft:shield":33,"minecraft:iron_sword":37,"minecraft:oak_door":1,"minecraft:torch":45,"minecraft:dirt":93,"minecraft:spruce_stairs":1,"minecraft:dark_oak_planks":8,"minecraft:wooden_axe":21,"minecraft:iron_axe":18,"vs_eureka:oak_ship_helm":2,"minecraft:tripwire_hook":1,"minecraft:birch_trapdoor":2,"minecraft:red_carpet":1,"minecraft:furnace":4,"minecraft:water_bucket":57,"minecraft:diorite":2,"minecraft:baked_potato":4,"minecraft:stone_pickaxe":43,"useless_sword:gold_iron_alloy_sword":47,"minecraft:oak_planks":51,"minecraft:cartography_table":1,"minecraft:wooden_pickaxe":10,"minecraft:oak_slab":5,"minecraft:crafting_table":6,"useless_sword:valhalla_sword":52,"useless_sword:wooden_cactus_sword":5,"minecraft:shears":492,"easypaxellite:iron_paxel":395,"minecraft:birch_fence":2,"waystones:waystone":1,"minecraft:bread":79,"minecraft:string":1,"minecraft:iron_pickaxe":5,"minecraft:golden_helmet":1,"minecraft:stone_axe":44,"vs_eureka:balloon":541,"minecraft:wooden_sword":16,"minecraft:red_banner":1,"minecraft:cobblestone":2,"minecraft:potion":1,"minecraft:white_banner":3,"minecraft:smithing_table":1,"minecraft:cooked_rabbit":5,"minecraft:bucket":57,"minecraft:pumpkin_pie":2,"minecraft:yellow_bed":2,"byg:palm_planks":1,"minecraft:oak_trapdoor":3,"irons_spellbooks:inscription_table":2,"minecraft:oak_fence":3},"minecraft:custom":{"lootr:looted_stat":90,"minecraft:inspect_dropper":9,"minecraft:mob_kills":75,"minecraft:interact_with_crafting_table":51,"minecraft:open_barrel":20,"minecraft:damage_dealt_resisted":312,"minecraft:leave_game":2,"minecraft:time_since_death":34576,"minecraft:climb_one_cm":16592,"minecraft:sprint_one_cm":525643,"minecraft:walk_one_cm":522034,"minecraft:damage_blocked_by_shield":1605,"minecraft:drop":44,"minecraft:damage_dealt_absorbed":48,"minecraft:talked_to_villager":1,"minecraft:play_time":263882,"minecraft:deaths":22,"minecraft:sneak_time":7471,"minecraft:walk_under_water_one_cm":52415,"minecraft:interact_with_lectern":1,"minecraft:jump":1792,"minecraft:walk_on_water_one_cm":16030,"minecraft:total_world_time":263882,"minecraft:interact_with_furnace":20,"enigmaticlegacy:play_time_without_seven_curses":122660,"minecraft:sleep_in_bed":6,"minecraft:waystone_activated":1,"minecraft:time_since_rest":34623,"minecraft:damage_taken":10696,"minecraft:damage_dealt":10321,"minecraft:swim_one_cm":15409,"minecraft:fly_one_cm":577549,"minecraft:open_chest":198,"minecraft:crouch_one_cm":18074,"minecraft:interact_with_smithing_table":1,"minecraft:inspect_dispenser":11,"enigmaticlegacy:play_time_with_seven_curses":20854,"minecraft:fall_one_cm":93627},"minecraft:picked_up":{"irons_spellbooks:scroll":1,"byg:soapstone":2,"spelunkery:tangle_roots":2,"minecraft:crafting_table":2,"minecraft:coarse_dirt":2,"minecraft:wheat":3,"minecraft:chicken":1,"minecraft:ladder":3,"spelunkery:rough_emerald":47,"minecraft:smithing_table":2,"minecraft:wooden_pickaxe":1,"minecraft:gold_block":1,"minecraft:string":17,"minecraft:oak_trapdoor":1,"minecraft:raw_copper":34,"minecraft:iron_axe":1,"minecraft:iron_leggings":1,"minecraft:iron_shovel":2,"irons_spellbooks:arcane_essence":2,"minecraft:cartography_table":1,"minecraft:gold_nugget":22,"minecraft:cobbled_deepslate":9,"minecraft:spruce_planks":1,"minecraft:beef":10,"minecraft:rose_bush":2,"irons_spellbooks:epic_ink":1,"minecraft:iron_nugget":32,"minecraft:spruce_slab":3,"minecraft:coal_block":8,"minecraft:sugar_cane":6,"minecraft:chest":9,"minecraft:birch_sapling":5,"irons_spellbooks:inscription_table":2,"minecraft:raw_copper_block":2,"minecraft:iron_boots":1,"minecraft:furnace":2,"minecraft:golden_helmet":2,"minecraft:stick":6,"minecraft:raw_iron":96,"spelunkery:rough_cinnabar_shard":22,"minecraft:copper_ingot":1,"minecraft:birch_trapdoor":2,"minecraft:torch":7,"spelunkery:portal_fluid_bottle":2,"minecraft:spruce_stairs":1,"sophisticatedbackpacks:backpack":1,"minecraft:porkchop":1,"minecraft:stone_button":1,"spelunkery:raw_magnetite_nugget":1,"minecraft:carrot":27,"irons_spellbooks:fire_rune":1,"minecraft:dark_oak_planks":1,"byg:biomepedia":1,"minecraft:arrow":15,"minecraft:rotten_flesh":17,"minecraft:golden_hoe":1,"minecraft:peony":1,"minecraft:shears":1,"supplementaries:antique_ink":2,"minecraft:hay_block":13,"minecraft:totem_of_undying":1,"supplementaries:ash":15,"minecraft:mutton":10,"minecraft:cobblestone":72,"minecraft:white_wool":246,"minecraft:birch_log":7,"minecraft:tripwire_hook":8,"minecraft:brown_wool":1,"minecraft:leather":5,"minecraft:potato":3,"minecraft:filled_map":1,"minecraft:birch_planks":20,"spelunkery:rough_cinnabar":9,"minecraft:oak_log":56,"supplementaries:flax_seeds":2,"minecraft:yellow_bed":2,"minecraft:gunpowder":2,"minecraft:dirt":115,"minecraft:white_banner":4,"irons_spellbooks:rare_ink":1,"minecraft:bone":8,"minecraft:red_carpet":1,"minecraft:apple":1,"minecraft:gray_carpet":2,"minecraft:wheat_seeds":11,"minecraft:raw_gold":9,"spelunkery:rough_lazurite":5,"vs_eureka:balloon":267,"minecraft:iron_ingot":12,"minecraft:cobweb":3,"spelunkery:rough_diamond_shard":2,"minecraft:oak_planks":9,"minecraft:dark_oak_stairs":4,"minecraft:book":30,"minecraft:oak_slab":1,"vs_eureka:oak_ship_helm":1,"minecraft:cooked_porkchop":1,"minecraft:raw_iron_block":13,"minecraft:dropper":1,"minecraft:gravel":55,"minecraft:sand":23,"minecraft:amethyst_shard":4,"byg:palm_planks":1,"minecraft:dark_oak_log":20,"minecraft:spider_eye":4,"alexsmobs:animal_dictionary":1,"minecraft:leather_helmet":1,"minecraft:dispenser":1,"minecraft:slime_ball":12,"spelunkery:rough_lazurite_shard":19,"spelunkery:rough_diamond":2,"waystones:waystone":1,"spelunkery:raw_gold_nugget":22,"minecraft:crossbow":1,"spelunkery:raw_iron_nugget":52,"minecraft:emerald":8,"minecraft:baked_potato":6,"minecraft:oak_sapling":8,"minecraft:black_wool":18,"minecraft:ender_pearl":1,"minecraft:coal":65},"minecraft:mined":{"minecraft:large_amethyst_bud":1,"minecraft:red_carpet":1,"minecraft:spruce_planks":1,"minecraft:deepslate_diamond_ore":2,"minecraft:dark_oak_log":12,"gravestone:gravestone":12,"minecraft:ladder":1,"minecraft:grass_block":89,"minecraft:coal_block":8,"minecraft:cartography_table":1,"minecraft:spawner":1,"minecraft:hay_block":13,"minecraft:raw_iron_block":13,"minecraft:oak_trapdoor":1,"minecraft:furnace":2,"minecraft:iron_ore":58,"treechop:chopped_log":4,"minecraft:deepslate_lapis_ore":4,"minecraft:gold_block":1,"minecraft:peony":1,"minecraft:dark_oak_stairs":6,"minecraft:deepslate_iron_ore":21,"minecraft:bookshelf":9,"minecraft:small_amethyst_bud":1,"minecraft:white_banner":3,"irons_spellbooks:inscription_table":2,"minecraft:stone":35,"minecraft:white_wool":234,"minecraft:spruce_slab":3,"minecraft:tripwire":1,"minecraft:smithing_table":3,"minecraft:deepslate_redstone_ore":6,"minecraft:oak_slab":2,"byg:palm_planks":4,"minecraft:amethyst_cluster":1,"minecraft:powder_snow":1,"minecraft:crafting_table":2,"minecraft:torch":1,"minecraft:emerald_ore":47,"minecraft:dropper":1,"spelunkery:granite_copper_ore":1,"minecraft:chest":10,"minecraft:copper_ore":2,"minecraft:cobblestone":5,"minecraft:deepslate_gold_ore":8,"minecraft:sugar_cane":3,"minecraft:oak_planks":10,"minecraft:wall_torch":3,"minecraft:spruce_stairs":1,"supplementaries:urn":10,"vs_eureka:balloon":275,"minecraft:birch_planks":13,"vs_eureka:oak_ship_helm":1,"minecraft:birch_trapdoor":2,"minecraft:yellow_bed":2,"minecraft:grass":4,"minecraft:black_wool":14,"minecraft:oak_log":5,"minecraft:coal_ore":65,"minecraft:sand":23,"minecraft:dirt":8,"minecraft:gold_ore":1,"minecraft:cobweb":12,"minecraft:raw_copper_block":2,"minecraft:dispenser":1,"minecraft:red_mushroom_block":2,"minecraft:deepslate":6,"minecraft:dark_oak_planks":1,"minecraft:fern":1},"minecraft:killed_by":{"minecraft:player":3,"irons_spellbooks:cryomancer":1,"irons_spellbooks:pyromancer":1,"minecraft:creeper":1,"hmag:zombie_girl":1,"minecraft:drowned":1,"minecraft:bee":1,"minecraft:vindicator":5,"minecraft:phantom":1,"minecraft:zombie":1,"minecraft:vex":3},"minecraft:crafted":{"minecraft:oak_door":3,"minecraft:oak_planks":208,"minecraft:iron_nugget":9,"sophisticatedbackpacks:tool_swapper_upgrade":1,"irons_spellbooks:iron_spell_book":1,"minecraft:chain":3,"minecraft:furnace":3,"minecraft:stone":10,"sophisticatedbackpacks:crafting_upgrade":1,"minecraft:oak_trapdoor":2,"sophisticatedbackpacks:smelting_upgrade":1,"grapplemod:grapplinghook":1,"minecraft:ladder":12,"minecraft:stone_pickaxe":1,"minecraft:chest":21,"minecraft:dark_oak_planks":96,"minecraft:oak_fence":6,"sophisticatedbackpacks:iron_backpack":1,"minecraft:wheat":117,"minecraft:oak_slab":6,"minecraft:wooden_shovel":1,"sophisticatedbackpacks:backpack":1,"minecraft:crafting_table":5,"minecraft:wooden_pickaxe":2,"vs_eureka:balloon":260,"minecraft:iron_sword":1,"create:sand_paper":1,"sophisticatedbackpacks:gold_backpack":1,"waystones:warp_stone":1,"minecraft:birch_planks":28,"sophisticatedbackpacks:upgrade_base":7,"minecraft:stone_axe":1,"minecraft:bread":43,"minecraft:air":0,"vs_eureka:oak_ship_helm":1,"sophisticatedbackpacks:diamond_backpack":1,"minecraft:birch_fence":6,"minecraft:stick":64,"minecraft:iron_ingot":8,"minecraft:iron_pickaxe":1,"minecraft:wooden_axe":2,"minecraft:stone_sword":1,"minecraft:iron_shovel":1,"minecraft:smooth_stone":10,"minecraft:wooden_sword":1,"minecraft:torch":40,"easypaxellite:iron_paxel":1,"minecraft:shears":3},"minecraft:dropped":{"byg:biomepedia":2,"minecraft:golden_boots":1,"minecraft:golden_helmet":1,"minecraft:glass_bottle":2,"minecraft:cooked_porkchop":1,"minecraft:wooden_axe":1,"minecraft:rose_bush":2,"minecraft:iron_shovel":2,"minecraft:string":3,"spelunkery:portal_fluid_bottle":1,"alexsmobs:animal_dictionary":2,"minecraft:rotten_flesh":6,"minecraft:carrot":1,"minecraft:peony":1,"minecraft:wooden_pickaxe":2}},"DataVersion":3120}