{"stats":{"minecraft:crafted":{"useless_sword:emerald_boots":2,"minecraft:cobbled_deepslate_slab":6,"minecraft:furnace":3,"minecraft:blast_furnace":1,"minecraft:stone":7,"minecraft:flint_and_steel":1,"spelunkery:diamond_grindstone":1,"organics:emerald_chestplate":2,"minecraft:iron_boots":1,"minecraft:polished_deepslate":8,"minecraft:raw_copper":36,"minecraft:iron_axe":1,"minecraft:ladder":3,"minecraft:stone_pickaxe":1,"minecraft:chest":13,"organics:emerald_leggings":1,"minecraft:cooked_beef":10,"useless_sword:emerald_helmet":2,"minecraft:crafting_table":2,"hammers:stone_hammer":1,"minecraft:iron_helmet":1,"vs_eureka:balloon":232,"minecraft:wooden_pickaxe":1,"minecraft:baked_potato":2,"minecraft:iron_sword":2,"minecraft:birch_planks":88,"minecraft:stone_axe":1,"minecraft:polished_deepslate_slab":6,"minecraft:bread":17,"minecraft:air":0,"byg:palm_planks":120,"spelunkery:rough_diamond_shard":9,"minecraft:white_wool":16,"minecraft:iron_chestplate":1,"minecraft:gold_ingot":9,"minecraft:stick":24,"minecraft:iron_ingot":120,"minecraft:birch_trapdoor":2,"minecraft:wooden_axe":1,"minecraft:stone_sword":1,"minecraft:iron_leggings":1,"hammers:iron_hammer":1,"minecraft:smooth_stone":3,"minecraft:torch":28,"minecraft:shears":3},"minecraft:dropped":{"byg:biomepedia":3,"minecraft:iron_sword":1,"minecraft:dark_oak_stairs":2,"minecraft:wheat_seeds":1,"minecraft:dark_oak_slab":2,"minecraft:cobblestone":16,"minecraft:granite":4,"minecraft:emerald":48,"minecraft:dirt":1,"minecraft:torch":1,"useless_sword:valhalla_sword":1,"minecraft:diorite":1,"irons_spellbooks:pedestal":1,"minecraft:wooden_axe":2,"minecraft:rose_bush":1,"gravestone:obituary":20,"minecraft:paper":1,"minecraft:tripwire_hook":3,"byg:palm_planks":2,"spelunkery:portal_fluid_bottle":1,"minecraft:stone_axe":2,"car:canola_seeds":1,"minecraft:stone_sword":1,"alexsmobs:animal_dictionary":2,"minecraft:birch_sapling":1,"minecraft:rotten_flesh":4,"minecraft:iron_boots":1,"minecraft:cobbled_deepslate_slab":6,"minecraft:shears":1,"minecraft:filled_map":3,"supplementaries:flax_seeds":2,"minecraft:cobblestone_slab":1,"minecraft:potato":1,"artifacts:antidote_vessel":1,"minecraft:leather_leggings":1,"minecraft:bundle":2,"spelunkery:parachute":1,"minecraft:diamond_pickaxe":1,"minecraft:golden_leggings":1,"minecraft:leather_boots":1,"minecraft:stone_pickaxe":1,"minecraft:iron_ingot":3,"minecraft:lectern":1,"minecraft:polished_granite":1},"minecraft:mined":{"minecraft:diamond_ore":1,"minecraft:deepslate_tiles":2,"minecraft:large_amethyst_bud":1,"minecraft:tuff":2,"minecraft:spruce_planks":2,"minecraft:mossy_cobblestone":1,"minecraft:dark_oak_log":1,"gravestone:gravestone":21,"minecraft:grass_block":1,"minecraft:stone_brick_wall":1,"minecraft:yellow_carpet":2,"minecraft:spawner":1,"minecraft:hay_block":6,"minecraft:fire":2,"minecraft:furnace":1,"minecraft:barrel":1,"spelunkery:diamond_grindstone":1,"minecraft:iron_ore":3,"spelunkery:granite_iron_ore":4,"treechop:chopped_log":12,"minecraft:anvil":2,"minecraft:dark_oak_stairs":4,"minecraft:bookshelf":10,"minecraft:deepslate_iron_ore":5,"minecraft:cobblestone_slab":1,"irons_spellbooks:inscription_table":4,"minecraft:stone":25,"minecraft:white_wool":18,"irons_spellbooks:pedestal":3,"lootr:lootr_chest":2,"lootr:lootr_barrel":1,"minecraft:powder_snow":7,"minecraft:crafting_table":1,"minecraft:torch":3,"minecraft:emerald_ore":5,"minecraft:chest":1,"minecraft:andesite_slab":2,"minecraft:lectern":1,"minecraft:copper_ore":5,"minecraft:cobblestone":2,"minecraft:wall_torch":4,"vs_eureka:balloon":5,"minecraft:birch_planks":9,"byg:soapstone":5,"minecraft:dark_oak_slab":2,"minecraft:birch_trapdoor":1,"minecraft:white_wall_banner":1,"organics:ender_pearl_ore":4,"minecraft:red_wall_banner":1,"minecraft:yellow_bed":2,"minecraft:black_wool":218,"minecraft:grass":12,"minecraft:coal_ore":5,"minecraft:sand":32,"minecraft:gravel":5,"minecraft:dirt":2,"minecraft:cobweb":74,"minecraft:cracked_stone_bricks":2,"minecraft:dark_oak_planks":13,"minecraft:stone_bricks":12,"minecraft:deepslate":2,"minecraft:crying_obsidian":1},"minecraft:used":{"minecraft:stone_sword":30,"minecraft:flint_and_steel":10,"minecraft:armor_stand":1,"minecraft:ladder":3,"minecraft:spruce_planks":2,"minecraft:chest":15,"minecraft:shield":22,"minecraft:stone":4,"minecraft:iron_sword":111,"lootr:trophy":1,"minecraft:torch":35,"minecraft:dirt":1,"minecraft:anvil":2,"hammers:stone_hammer":67,"minecraft:golden_shovel":32,"minecraft:dark_oak_planks":12,"minecraft:iron_axe":26,"hmag:golden_tropical_fish":1,"minecraft:barrel":1,"minecraft:birch_trapdoor":2,"minecraft:beef":1,"minecraft:furnace":3,"minecraft:cooked_beef":10,"minecraft:potato":5,"irons_spellbooks:pedestal":3,"minecraft:birch_planks":52,"minecraft:bundle":1,"minecraft:baked_potato":7,"minecraft:stone_pickaxe":16,"minecraft:wooden_pickaxe":25,"minecraft:golden_apple":3,"minecraft:crafting_table":3,"useless_sword:valhalla_sword":38,"minecraft:shears":238,"hammers:iron_hammer":22,"minecraft:oak_log":7,"minecraft:diamond_pickaxe":77,"minecraft:black_wool":1,"minecraft:apple":2,"minecraft:dark_oak_log":1,"minecraft:bread":57,"minecraft:stone_axe":128,"vs_eureka:balloon":216,"minecraft:diamond_sword":4,"minecraft:wooden_sword":9,"minecraft:cobblestone":62,"byg:palm_planks":16,"spelunkery:diamond_grindstone":1,"minecraft:yellow_bed":2,"irons_spellbooks:inscription_table":4},"minecraft:broken":{"useless_sword:emerald_helmet":1,"minecraft:golden_shovel":1,"minecraft:iron_leggings":1,"useless_sword:emerald_boots":1},"minecraft:picked_up":{"minecraft:wooden_axe":1,"irons_spellbooks:scroll":2,"byg:soapstone":21,"minecraft:crafting_table":1,"minecraft:wheat":1,"minecraft:leather_leggings":1,"minecraft:anvil":2,"spelunkery:rough_emerald":6,"irons_spellbooks:affinity_ring":4,"minecraft:gold_block":1,"minecraft:stone_brick_stairs":1,"gravestone:obituary":13,"minecraft:amethyst_block":21,"minecraft:string":61,"minecraft:raw_copper":40,"minecraft:iron_leggings":1,"minecraft:armor_stand":1,"minecraft:cyan_carpet":5,"byg:palm_sapling":1,"irons_spellbooks:arcane_essence":9,"minecraft:deepslate_tiles":1,"minecraft:cobbled_deepslate":11,"minecraft:spruce_planks":2,"minecraft:beef":1,"hmag:bat_wing":1,"minecraft:rose_bush":1,"minecraft:cobblestone_slab":1,"irons_spellbooks:epic_ink":1,"minecraft:calcite":14,"minecraft:iron_nugget":9,"irons_spellbooks:emerald_stoneplate_ring":1,"minecraft:lectern":1,"minecraft:chest":2,"minecraft:birch_sapling":15,"irons_spellbooks:inscription_table":4,"minecraft:furnace":1,"minecraft:stick":11,"minecraft:raw_iron":80,"minecraft:polished_deepslate_slab":1,"minecraft:birch_trapdoor":2,"minecraft:torch":8,"spelunkery:portal_fluid_bottle":2,"create:hand_crank":1,"minecraft:diorite":1,"minecraft:dark_oak_planks":12,"byg:biomepedia":2,"minecraft:arrow":9,"minecraft:rotten_flesh":11,"minecraft:peony":1,"minecraft:iron_block":1,"supplementaries:ash":22,"byg:palm_log":58,"minecraft:white_wool":13,"minecraft:cobblestone":184,"minecraft:birch_log":68,"minecraft:feather":2,"useless_sword:valhalla_sword":1,"minecraft:clock":1,"minecraft:cooked_beef":1,"wandering_bags:pillager_bag":1,"minecraft:tripwire_hook":3,"minecraft:leather":2,"minecraft:potato":4,"minecraft:filled_map":1,"minecraft:birch_planks":2,"minecraft:oak_log":10,"supplementaries:flax_seeds":2,"minecraft:yellow_bed":2,"minecraft:gunpowder":4,"minecraft:paper":1,"minecraft:dirt":2,"minecraft:white_banner":1,"minecraft:polished_granite":1,"irons_spellbooks:pedestal":4,"minecraft:wheat_seeds":1,"vs_eureka:balloon":4,"minecraft:cobweb":2,"artifacts:antidote_vessel":1,"minecraft:oak_planks":2,"minecraft:dark_oak_stairs":2,"minecraft:book":21,"minecraft:dark_oak_slab":2,"car:canola_seeds":1,"minecraft:acacia_stairs":1,"minecraft:gravel":29,"minecraft:amethyst_shard":2,"minecraft:sand":26,"minecraft:barrel":1,"minecraft:red_banner":1,"minecraft:dark_oak_log":1,"minecraft:crying_obsidian":1,"minecraft:spider_eye":1,"alexsmobs:animal_dictionary":1,"minecraft:mossy_cobblestone":4,"minecraft:bundle":1,"irons_spellbooks:ice_rune":1,"minecraft:yellow_carpet":1,"minecraft:stone_axe":1,"spelunkery:rough_diamond":1,"spelunkery:parachute":1,"minecraft:crossbow":1,"minecraft:granite":4,"spelunkery:raw_iron_nugget":11,"minecraft:bread":2,"minecraft:emerald":50,"minecraft:black_wool":201,"minecraft:baked_potato":5,"minecraft:oak_sapling":4,"minecraft:coal":9,"minecraft:andesite_slab":2,"minecraft:ender_pearl":7,"minecraft:diamond_pickaxe":1},"minecraft:custom":{"minecraft:interact_with_anvil":1,"minecraft:mob_kills":24,"minecraft:interact_with_crafting_table":57,"minecraft:open_barrel":12,"minecraft:eat_cake_slice":1,"minecraft:time_since_death":2975,"minecraft:climb_one_cm":21916,"minecraft:sprint_one_cm":359218,"minecraft:walk_one_cm":421707,"minecraft:damage_blocked_by_shield":1760,"minecraft:drop":75,"minecraft:play_time":173556,"minecraft:deaths":27,"minecraft:sneak_time":4070,"minecraft:walk_under_water_one_cm":16560,"minecraft:boat_one_cm":13291,"minecraft:jump":2078,"minecraft:walk_on_water_one_cm":14989,"minecraft:total_world_time":173556,"minecraft:interact_with_furnace":40,"minecraft:interact_with_grindstone":1,"minecraft:sleep_in_bed":5,"minecraft:time_since_rest":3000,"minecraft:damage_absorbed":200,"minecraft:damage_taken":26791,"minecraft:damage_dealt":6346,"minecraft:player_kills":3,"minecraft:swim_one_cm":8380,"minecraft:fly_one_cm":472289,"minecraft:open_chest":230,"minecraft:crouch_one_cm":12693,"minecraft:interact_with_smoker":2,"minecraft:inspect_dispenser":2,"minecraft:inspect_dropper":1,"minecraft:fall_one_cm":97654,"lootr:looted_stat":101},"minecraft:killed":{"minecraft:cave_spider":1,"irons_spellbooks:cryomancer":1,"seeds:waste":1,"hmag:zombie_girl":2,"minecraft:chicken":1,"minecraft:parrot":1,"irons_spellbooks:necromancer":1,"minecraft:pillager":9,"minecraft:zombie":5,"minecraft:cow":1},"minecraft:killed_by":{"minecraft:player":2,"irons_spellbooks:pyromancer":1,"minecraft:pillager":6,"hmag:zombie_girl":1,"minecraft:vindicator":12,"minecraft:cave_spider":1,"minecraft:zombie":1}},"DataVersion":3120}