{"stats":{"minecraft:broken":{"minecraft:shears":2,"minecraft:golden_shovel":1,"minecraft:iron_leggings":1,"useless_sword:emerald_helmet":2,"useless_sword:emerald_boots":1},"minecraft:used":{"minecraft:ladder":3,"minecraft:chest":21,"minecraft:shield":22,"minecraft:stone":4,"minecraft:iron_sword":111,"lootr:trophy":2,"hammers:diamond_hammer":531,"minecraft:carrot":17,"hmag:golden_tropical_fish":1,"minecraft:birch_trapdoor":2,"minecraft:bow":1,"minecraft:furnace":3,"minecraft:potato":8,"organics:emerald_leggings":1,"organics:emerald_chestplate":1,"minecraft:diamond_boots":1,"minecraft:stone_pickaxe":16,"minecraft:ender_pearl":1,"minecraft:wooden_pickaxe":25,"minecraft:white_wool":1,"minecraft:golden_apple":3,"useless_sword:valhalla_sword":171,"minecraft:shears":883,"hammers:iron_hammer":58,"minecraft:dark_oak_log":4,"minecraft:bread":109,"minecraft:diamond_sword":4,"minecraft:wooden_sword":9,"minecraft:stone_sword":30,"minecraft:flint_and_steel":10,"minecraft:armor_stand":1,"minecraft:spruce_planks":2,"minecraft:torch":45,"minecraft:dirt":1,"minecraft:anvil":2,"hammers:stone_hammer":67,"minecraft:golden_shovel":32,"minecraft:dark_oak_planks":12,"minecraft:iron_axe":26,"minecraft:barrel":1,"minecraft:beef":1,"minecraft:cooked_beef":10,"minecraft:cobbled_deepslate":18,"minecraft:turtle_egg":1,"irons_spellbooks:pedestal":3,"minecraft:birch_planks":52,"minecraft:bundle":1,"minecraft:baked_potato":11,"easypaxellite:diamond_paxel":744,"minecraft:crafting_table":3,"minecraft:oak_log":7,"minecraft:diamond_pickaxe":77,"minecraft:black_wool":1,"minecraft:apple":3,"minecraft:stone_axe":128,"vs_eureka:balloon":216,"minecraft:cobblestone":74,"useless_sword:emerald_helmet":1,"minecraft:yellow_bed":2,"minecraft:pumpkin_pie":14,"spelunkery:diamond_grindstone":2,"byg:palm_planks":16,"irons_spellbooks:inscription_table":4},"minecraft:killed":{"minecraft:cave_spider":1,"minecraft:spider":4,"irons_spellbooks:cryomancer":1,"minecraft:skeleton":5,"minecraft:chicken":1,"artifacts:mimic":1,"minecraft:parrot":2,"arphex:spider_jump":1,"irons_spellbooks:necromancer":1,"minecraft:creeper":2,"minecraft:pillager":10,"minecraft:donkey":2,"minecraft:zombie":7,"minecraft:cow":2,"hmag:skeleton_girl":1,"naturalist:duck":1,"minecraft:phantom":3,"seeds:waste":3,"minecraft:horse":2,"hmag:zombie_girl":3,"arphex:blood_worm":1,"hmag:ghost":5,"minecraft:bat":1,"alexsmobs:gazelle":1},"minecraft:custom":{"enigmaticlegacy:play_time_with_seven_curses":52431,"lootr:looted_stat":181,"minecraft:interact_with_crafting_table":80,"minecraft:open_barrel":12,"goblintraders:trade_with_goblin":34,"minecraft:eat_cake_slice":1,"minecraft:leave_game":4,"minecraft:time_since_death":877,"minecraft:sprint_one_cm":823539,"minecraft:damage_blocked_by_shield":1760,"minecraft:drop":182,"minecraft:play_time":323806,"minecraft:deaths":37,"minecraft:jump":3677,"minecraft:walk_on_water_one_cm":33426,"minecraft:interact_with_furnace":43,"minecraft:sleep_in_bed":6,"minecraft:waystone_activated":1,"minecraft:damage_dealt":15446,"minecraft:player_kills":4,"minecraft:crouch_one_cm":13971,"minecraft:interact_with_smoker":3,"minecraft:inspect_dispenser":3,"minecraft:inspect_dropper":4,"minecraft:mob_kills":72,"minecraft:interact_with_anvil":1,"minecraft:climb_one_cm":27697,"minecraft:walk_one_cm":739159,"minecraft:sneak_time":6748,"minecraft:walk_under_water_one_cm":90447,"minecraft:boat_one_cm":13291,"minecraft:total_world_time":323806,"enigmaticlegacy:play_time_without_seven_curses":76429,"minecraft:interact_with_grindstone":6,"minecraft:time_since_rest":902,"minecraft:damage_taken":33165,"minecraft:damage_absorbed":200,"minecraft:swim_one_cm":41628,"minecraft:fly_one_cm":1260436,"minecraft:open_chest":292,"minecraft:fall_one_cm":162343},"minecraft:picked_up":{"minecraft:wooden_axe":1,"irons_spellbooks:scroll":2,"minecraft:wheat":1,"minecraft:anvil":3,"irons_spellbooks:affinity_ring":4,"minecraft:diamond_sword":1,"minecraft:stone_brick_stairs":1,"enigmaticlegacy:enigmatic_eye":2,"minecraft:amethyst_block":29,"alexsmobs:gazelle_horn":1,"minecraft:string":65,"minecraft:raw_copper":47,"irons_spellbooks:heavy_chain_necklace":1,"minecraft:iron_leggings":1,"minecraft:armor_stand":1,"irons_spellbooks:arcane_essence":9,"minecraft:deepslate_tiles":1,"minecraft:smooth_stone":4,"minecraft:cobbled_deepslate":2381,"minecraft:spruce_planks":2,"hmag:bat_wing":1,"minecraft:rose_bush":1,"minecraft:cobblestone_slab":1,"minecraft:calcite":50,"irons_spellbooks:inscription_table":5,"minecraft:furnace":1,"minecraft:stick":99,"spelunkery:rough_cinnabar_shard":276,"minecraft:birch_trapdoor":2,"minecraft:torch":20,"spelunkery:portal_fluid_bottle":2,"minecraft:diorite":3,"minecraft:rotten_flesh":15,"minecraft:iron_block":1,"irons_spellbooks:arcane_debris":1,"supplementaries:ash":22,"minecraft:cobblestone":261,"minecraft:birch_log":672,"minecraft:magma_block":1,"minecraft:mossy_cobblestone_slab":2,"minecraft:cooked_beef":1,"useless_sword:valhalla_sword":4,"minecraft:feather":6,"minecraft:iron_door":1,"hammers:iron_hammer":2,"artifacts:thorn_pendant":1,"minecraft:potato":4,"spelunkery:rough_cinnabar":75,"minecraft:tuff":338,"create:raw_zinc":15,"supplementaries:flax_seeds":2,"minecraft:magenta_terracotta":1,"minecraft:dirt":9,"lootr:trophy":1,"minecraft:polished_granite":1,"hmag:evil_crystal_fragment":2,"minecraft:bone":4,"irons_spellbooks:pedestal":4,"minecraft:bow":1,"minecraft:wheat_seeds":5,"minecraft:raw_gold":125,"spelunkery:raw_zinc_nugget":36,"artifacts:antidote_vessel":1,"minecraft:oak_planks":2,"spelunkery:rough_diamond_shard":72,"hmag:soul_powder":1,"car:canola_seeds":4,"minecraft:sand":26,"minecraft:fermented_spider_eye":1,"minecraft:acacia_stairs":2,"minecraft:mossy_cobblestone":6,"minecraft:dark_oak_log":8,"alexsmobs:animal_dictionary":1,"minecraft:barrel":1,"minecraft:quartz_bricks":7,"irons_spellbooks:ice_rune":1,"minecraft:bundle":1,"minecraft:yellow_carpet":1,"waystones:waystone":2,"minecraft:crossbow":1,"minecraft:granite":34,"minecraft:bread":2,"minecraft:emerald":50,"spelunkery:raw_gold_nugget":297,"minecraft:oak_sapling":20,"minecraft:andesite_slab":2,"minecraft:diamond_pickaxe":2,"minecraft:crafting_table":1,"byg:soapstone":36,"minecraft:leather_leggings":1,"spelunkery:rough_emerald":106,"minecraft:gold_block":2,"spelunkery:conk_fungus":1,"byg:palm_sapling":6,"minecraft:cyan_carpet":10,"minecraft:beef":6,"irons_spellbooks:epic_ink":1,"minecraft:iron_nugget":9,"irons_spellbooks:emerald_stoneplate_ring":2,"minecraft:lectern":1,"minecraft:chest":4,"minecraft:birch_sapling":160,"minecraft:phantom_membrane":2,"minecraft:raw_iron":88,"naturalist:duck":1,"minecraft:polished_deepslate_slab":1,"minecraft:raw_gold_block":23,"create:hand_crank":1,"spelunkery:raw_magnetite_nugget":2,"minecraft:carrot":16,"minecraft:purple_terracotta":9,"minecraft:dark_oak_planks":12,"byg:biomepedia":2,"minecraft:arrow":25,"spelunkery:coal_lump":64,"minecraft:peony":1,"minecraft:shears":4,"minecraft:hay_block":12,"artifacts:cross_necklace":2,"byg:palm_log":130,"minecraft:white_wool":598,"minecraft:clock":1,"minecraft:glow_ink_sac":3,"minecraft:tripwire_hook":3,"wandering_bags:pillager_bag":1,"minecraft:leather":19,"minecraft:filled_map":1,"minecraft:birch_planks":2,"minecraft:oak_log":100,"minecraft:yellow_bed":2,"minecraft:gunpowder":17,"byg:dacite_cobblestone":31,"minecraft:paper":1,"minecraft:white_banner":1,"minecraft:apple":4,"minecraft:light_gray_glazed_terracotta":1,"vs_eureka:balloon":16,"arphex:burning_glands":2,"minecraft:cobweb":2,"spelunkery:rough_emerald_shard":103,"minecraft:dark_oak_stairs":2,"minecraft:book":21,"minecraft:prismarine_brick_stairs":4,"minecraft:smooth_basalt":107,"minecraft:dark_oak_slab":2,"minecraft:gravel":29,"enigmaticlegacy:enigmatic_amulet":2,"minecraft:amethyst_shard":4,"minecraft:red_banner":1,"minecraft:spider_eye":1,"minecraft:crying_obsidian":1,"minecraft:diamond_shovel":1,"enigmaticlegacy:cursed_ring":2,"minecraft:stone_axe":1,"spelunkery:rough_diamond":76,"spelunkery:parachute":1,"spelunkery:raw_iron_nugget":32,"minecraft:baked_potato":7,"minecraft:black_wool":201,"hammers:enhanced_diamond_hammer":1,"minecraft:coal":9,"minecraft:ender_pearl":7},"minecraft:mined":{"minecraft:large_amethyst_bud":1,"minecraft:spruce_planks":2,"minecraft:grass_block":36,"minecraft:stone_brick_wall":1,"minecraft:yellow_carpet":2,"minecraft:spawner":1,"minecraft:iron_ore":3,"minecraft:fire":2,"minecraft:barrel":1,"spelunkery:diamond_grindstone":1,"minecraft:anvil":3,"minecraft:dark_oak_stairs":4,"irons_spellbooks:pedestal":4,"lootr:lootr_chest":2,"minecraft:amethyst_cluster":1,"minecraft:powder_snow":7,"minecraft:torch":3,"minecraft:chest":3,"minecraft:white_stained_glass_pane":1,"minecraft:cobblestone":2,"minecraft:wall_torch":9,"vs_eureka:balloon":6,"byg:soapstone":5,"minecraft:dark_oak_slab":2,"minecraft:birch_log":1,"minecraft:birch_trapdoor":1,"organics:ender_pearl_ore":4,"minecraft:grass":39,"minecraft:sand":32,"minecraft:dirt":5,"minecraft:deepslate":2,"minecraft:crying_obsidian":1,"minecraft:deepslate_tiles":2,"minecraft:diamond_ore":1,"minecraft:tuff":2,"minecraft:mossy_cobblestone":1,"minecraft:dark_oak_log":8,"gravestone:gravestone":23,"minecraft:hay_block":20,"minecraft:furnace":1,"minecraft:acacia_stairs":1,"spelunkery:granite_iron_ore":4,"treechop:chopped_log":99,"minecraft:bookshelf":10,"minecraft:cobblestone_slab":1,"minecraft:deepslate_iron_ore":5,"minecraft:vine":1,"irons_spellbooks:inscription_table":5,"minecraft:stone":26,"minecraft:white_wool":664,"lootr:lootr_barrel":1,"minecraft:crafting_table":1,"minecraft:emerald_ore":5,"minecraft:rose_bush":1,"minecraft:andesite_slab":2,"minecraft:lectern":1,"minecraft:tall_grass":6,"minecraft:copper_ore":5,"minecraft:birch_planks":9,"minecraft:coarse_dirt":3,"minecraft:white_wall_banner":1,"minecraft:yellow_bed":2,"minecraft:red_wall_banner":1,"minecraft:black_wool":218,"minecraft:coal_ore":5,"minecraft:gravel":5,"minecraft:cobweb":74,"minecraft:cracked_stone_bricks":2,"minecraft:stone_bricks":12,"minecraft:fern":4,"minecraft:dark_oak_planks":13},"minecraft:killed_by":{"irons_spellbooks:pyromancer":1,"minecraft:pillager":6,"hmag:drowned_girl":1,"hmag:zombie_girl":1,"minecraft:drowned":2,"minecraft:vindicator":15,"minecraft:cave_spider":1,"minecraft:zombie":2,"minecraft:player":2,"minecraft:iron_golem":1,"arphex:blood_worm":1},"minecraft:crafted":{"naturalist:cooked_duck":1,"minecraft:smooth_stone":3,"minecraft:oak_planks":48,"hammers:diamond_hammer":1,"minecraft:stone":7,"minecraft:diamond_shovel":1,"easypaxellite:diamond_paxel":1,"minecraft:iron_boots":1,"minecraft:raw_copper":36,"minecraft:chest":18,"organics:emerald_leggings":1,"sophisticatedbackpacks:backpack":1,"minecraft:diamond_axe":1,"minecraft:crafting_table":2,"hammers:stone_hammer":1,"minecraft:wooden_pickaxe":1,"minecraft:iron_helmet":1,"minecraft:baked_potato":2,"minecraft:birch_planks":92,"minecraft:polished_deepslate_slab":12,"byg:palm_planks":120,"minecraft:iron_chestplate":1,"sophisticatedbackpacks:diamond_backpack":1,"minecraft:stick":32,"minecraft:iron_ingot":128,"minecraft:stone_sword":1,"minecraft:gold_ingot":106,"hammers:iron_hammer":1,"minecraft:shears":7,"useless_sword:emerald_boots":2,"minecraft:cobbled_deepslate_slab":6,"minecraft:furnace":3,"minecraft:blast_furnace":1,"minecraft:flint_and_steel":1,"spelunkery:diamond_grindstone":2,"organics:emerald_chestplate":2,"minecraft:polished_deepslate":12,"minecraft:iron_axe":1,"minecraft:ladder":3,"minecraft:stone_pickaxe":1,"minecraft:wheat":108,"sophisticatedbackpacks:iron_backpack":1,"useless_sword:emerald_helmet":2,"minecraft:cooked_beef":10,"vs_eureka:balloon":820,"minecraft:iron_sword":2,"sophisticatedbackpacks:gold_backpack":1,"minecraft:stone_axe":1,"minecraft:bread":53,"minecraft:air":0,"spelunkery:rough_diamond_shard":9,"minecraft:white_wool":16,"minecraft:raw_gold":207,"minecraft:wooden_axe":1,"minecraft:birch_trapdoor":2,"minecraft:iron_leggings":1,"minecraft:torch":28},"minecraft:dropped":{"byg:biomepedia":3,"minecraft:iron_sword":1,"byg:palm_sapling":5,"minecraft:dark_oak_stairs":2,"minecraft:oak_log":76,"minecraft:dark_oak_slab":2,"enigmaticgraves:grave_finder":3,"spelunkery:raw_gold_nugget":64,"minecraft:emerald":48,"minecraft:dirt":8,"minecraft:dark_oak_log":11,"spelunkery:rough_cinnabar_shard":8,"minecraft:fermented_spider_eye":1,"minecraft:birch_log":64,"minecraft:cyan_carpet":10,"minecraft:bone":2,"byg:palm_planks":2,"spelunkery:portal_fluid_bottle":1,"minecraft:stone_axe":2,"alexsmobs:animal_dictionary":2,"minecraft:cobbled_deepslate":2238,"byg:palm_log":8,"minecraft:birch_sapling":1,"minecraft:rotten_flesh":6,"minecraft:quartz_bricks":7,"irons_spellbooks:heavy_chain_necklace":1,"supplementaries:flax_seeds":2,"supplementaries:ash":22,"minecraft:leather_boots":1,"minecraft:leather_leggings":1,"hmag:bat_wing":1,"minecraft:arrow":1,"minecraft:polished_granite":1,"minecraft:lectern":1,"minecraft:purple_terracotta":9,"minecraft:iron_ingot":3,"minecraft:wheat_seeds":5,"minecraft:clock":1,"minecraft:mossy_cobblestone":2,"minecraft:feather":4,"minecraft:cobblestone":137,"minecraft:apple":1,"minecraft:granite":4,"minecraft:coal":1,"minecraft:stick":12,"useless_sword:valhalla_sword":1,"minecraft:diorite":1,"minecraft:torch":1,"irons_spellbooks:pedestal":1,"byg:soapstone":15,"minecraft:wooden_axe":2,"minecraft:rose_bush":1,"minecraft:iron_door":1,"minecraft:smooth_stone":4,"minecraft:paper":1,"minecraft:string":1,"minecraft:tripwire_hook":3,"minecraft:polished_deepslate":1,"minecraft:smooth_basalt":107,"car:canola_seeds":4,"minecraft:stone_sword":1,"minecraft:tuff":338,"minecraft:iron_boots":1,"minecraft:cobbled_deepslate_slab":6,"minecraft:shears":1,"enigmaticlegacy:cursed_ring":1,"minecraft:blast_furnace":1,"minecraft:filled_map":3,"minecraft:cobblestone_slab":1,"minecraft:potato":1,"minecraft:stone":2,"minecraft:bundle":2,"minecraft:diamond_pickaxe":1,"minecraft:oak_sapling":16,"artifacts:antidote_vessel":1,"minecraft:golden_leggings":1,"spelunkery:parachute":1,"artifacts:cross_necklace":2,"minecraft:stone_pickaxe":1,"waystones:waystone":1,"minecraft:calcite":36,"minecraft:magenta_terracotta":1}},"DataVersion":3120}