{"stats":{"minecraft:crafted":{"useless_sword:emerald_boots":2,"minecraft:cobbled_deepslate_slab":6,"minecraft:furnace":1,"spelunkery:diamond_grindstone":1,"organics:emerald_chestplate":2,"minecraft:iron_boots":1,"minecraft:polished_deepslate":8,"minecraft:raw_copper":36,"minecraft:ladder":3,"minecraft:stone_pickaxe":1,"minecraft:chest":5,"organics:emerald_leggings":1,"minecraft:cooked_beef":10,"useless_sword:emerald_helmet":2,"minecraft:crafting_table":2,"hammers:stone_hammer":1,"minecraft:iron_helmet":1,"vs_eureka:balloon":32,"minecraft:wooden_pickaxe":1,"minecraft:baked_potato":2,"minecraft:iron_sword":2,"minecraft:birch_planks":88,"minecraft:stone_axe":1,"minecraft:polished_deepslate_slab":6,"minecraft:bread":17,"minecraft:air":0,"byg:palm_planks":44,"spelunkery:rough_diamond_shard":9,"minecraft:white_wool":16,"minecraft:iron_chestplate":1,"minecraft:stick":24,"minecraft:iron_ingot":111,"minecraft:birch_trapdoor":2,"minecraft:wooden_axe":1,"minecraft:stone_sword":1,"minecraft:iron_leggings":1,"hammers:iron_hammer":1,"minecraft:torch":28,"minecraft:shears":2},"minecraft:dropped":{"byg:biomepedia":3,"minecraft:iron_sword":1,"minecraft:wheat_seeds":1,"minecraft:cobblestone":16,"minecraft:granite":4,"minecraft:emerald":48,"minecraft:dirt":1,"useless_sword:valhalla_sword":1,"minecraft:diorite":1,"irons_spellbooks:pedestal":1,"minecraft:wooden_axe":2,"minecraft:rose_bush":1,"gravestone:obituary":4,"minecraft:paper":1,"minecraft:tripwire_hook":3,"byg:palm_planks":2,"spelunkery:portal_fluid_bottle":1,"minecraft:stone_axe":2,"car:canola_seeds":1,"minecraft:stone_sword":1,"alexsmobs:animal_dictionary":2,"minecraft:birch_sapling":1,"minecraft:rotten_flesh":2,"minecraft:iron_boots":1,"minecraft:shears":1,"minecraft:filled_map":3,"supplementaries:flax_seeds":2,"minecraft:cobblestone_slab":1,"minecraft:potato":1,"minecraft:bundle":2,"minecraft:diamond_pickaxe":1,"minecraft:golden_leggings":1,"minecraft:leather_boots":1,"minecraft:stone_pickaxe":1,"minecraft:polished_granite":1},"minecraft:mined":{"minecraft:diamond_ore":1,"minecraft:deepslate_tiles":2,"minecraft:large_amethyst_bud":1,"minecraft:tuff":2,"minecraft:mossy_cobblestone":1,"gravestone:gravestone":7,"minecraft:grass_block":1,"minecraft:stone_brick_wall":1,"minecraft:yellow_carpet":1,"minecraft:spawner":1,"minecraft:hay_block":6,"minecraft:iron_ore":3,"spelunkery:granite_iron_ore":4,"treechop:chopped_log":12,"minecraft:anvil":1,"minecraft:bookshelf":10,"minecraft:deepslate_iron_ore":5,"minecraft:cobblestone_slab":1,"irons_spellbooks:inscription_table":3,"minecraft:stone":25,"minecraft:white_wool":18,"irons_spellbooks:pedestal":2,"minecraft:powder_snow":7,"minecraft:crafting_table":1,"minecraft:torch":2,"minecraft:emerald_ore":5,"minecraft:andesite_slab":2,"minecraft:copper_ore":5,"minecraft:cobblestone":2,"minecraft:wall_torch":4,"minecraft:birch_planks":9,"byg:soapstone":5,"minecraft:birch_trapdoor":1,"organics:ender_pearl_ore":4,"minecraft:red_wall_banner":1,"minecraft:yellow_bed":1,"minecraft:grass":12,"minecraft:coal_ore":5,"minecraft:sand":32,"minecraft:gravel":5,"minecraft:dirt":1,"minecraft:cobweb":74,"minecraft:cracked_stone_bricks":2,"minecraft:stone_bricks":12,"minecraft:deepslate":2,"minecraft:crying_obsidian":1},"minecraft:used":{"minecraft:stone_sword":30,"minecraft:armor_stand":1,"minecraft:ladder":3,"minecraft:chest":5,"minecraft:shield":22,"minecraft:iron_sword":110,"minecraft:torch":23,"minecraft:dirt":1,"minecraft:anvil":1,"hammers:stone_hammer":67,"minecraft:golden_shovel":32,"hmag:golden_tropical_fish":1,"minecraft:birch_trapdoor":2,"minecraft:beef":1,"minecraft:furnace":1,"minecraft:cooked_beef":7,"minecraft:potato":5,"irons_spellbooks:pedestal":2,"minecraft:birch_planks":52,"minecraft:bundle":1,"minecraft:baked_potato":7,"minecraft:stone_pickaxe":16,"minecraft:wooden_pickaxe":25,"minecraft:golden_apple":3,"minecraft:crafting_table":3,"useless_sword:valhalla_sword":5,"minecraft:shears":20,"hammers:iron_hammer":7,"minecraft:oak_log":7,"minecraft:diamond_pickaxe":71,"minecraft:apple":2,"minecraft:bread":39,"minecraft:stone_axe":128,"vs_eureka:balloon":12,"minecraft:wooden_sword":9,"minecraft:cobblestone":62,"spelunkery:diamond_grindstone":1,"minecraft:yellow_bed":1,"irons_spellbooks:inscription_table":3},"minecraft:broken":{"useless_sword:emerald_helmet":1,"minecraft:golden_shovel":1,"minecraft:iron_leggings":1,"useless_sword:emerald_boots":1},"minecraft:picked_up":{"minecraft:wooden_axe":1,"irons_spellbooks:scroll":2,"byg:soapstone":21,"minecraft:crafting_table":1,"minecraft:wheat":1,"minecraft:anvil":1,"spelunkery:rough_emerald":6,"irons_spellbooks:affinity_ring":1,"minecraft:gold_block":1,"minecraft:stone_brick_stairs":1,"gravestone:obituary":2,"minecraft:amethyst_block":21,"minecraft:string":61,"minecraft:raw_copper":40,"minecraft:iron_leggings":1,"minecraft:armor_stand":1,"byg:palm_sapling":1,"irons_spellbooks:arcane_essence":8,"minecraft:deepslate_tiles":1,"minecraft:cobbled_deepslate":11,"minecraft:beef":1,"minecraft:rose_bush":1,"minecraft:cobblestone_slab":1,"irons_spellbooks:epic_ink":1,"minecraft:calcite":14,"irons_spellbooks:emerald_stoneplate_ring":1,"minecraft:birch_sapling":15,"irons_spellbooks:inscription_table":3,"minecraft:stick":9,"minecraft:raw_iron":80,"minecraft:birch_trapdoor":2,"minecraft:torch":6,"spelunkery:portal_fluid_bottle":1,"create:hand_crank":1,"minecraft:diorite":1,"byg:biomepedia":2,"minecraft:rotten_flesh":9,"minecraft:peony":1,"minecraft:iron_block":1,"byg:palm_log":58,"minecraft:white_wool":13,"minecraft:cobblestone":184,"minecraft:birch_log":68,"useless_sword:valhalla_sword":1,"minecraft:tripwire_hook":3,"minecraft:leather":1,"minecraft:potato":4,"minecraft:filled_map":1,"minecraft:birch_planks":2,"minecraft:oak_log":10,"supplementaries:flax_seeds":2,"minecraft:yellow_bed":1,"minecraft:gunpowder":4,"minecraft:paper":1,"minecraft:dirt":2,"minecraft:polished_granite":1,"irons_spellbooks:pedestal":3,"minecraft:wheat_seeds":1,"minecraft:cobweb":2,"minecraft:book":21,"car:canola_seeds":1,"minecraft:gravel":29,"minecraft:amethyst_shard":2,"minecraft:sand":26,"minecraft:red_banner":1,"minecraft:crying_obsidian":1,"minecraft:spider_eye":1,"alexsmobs:animal_dictionary":1,"minecraft:mossy_cobblestone":4,"minecraft:bundle":1,"irons_spellbooks:ice_rune":1,"minecraft:stone_axe":1,"spelunkery:rough_diamond":1,"minecraft:granite":4,"spelunkery:raw_iron_nugget":11,"minecraft:bread":2,"minecraft:emerald":48,"minecraft:baked_potato":5,"minecraft:oak_sapling":4,"minecraft:coal":9,"minecraft:andesite_slab":2,"minecraft:ender_pearl":7,"minecraft:diamond_pickaxe":1},"minecraft:custom":{"minecraft:interact_with_anvil":1,"minecraft:mob_kills":13,"minecraft:interact_with_crafting_table":44,"minecraft:open_barrel":3,"minecraft:time_since_death":3742,"minecraft:climb_one_cm":14882,"minecraft:sprint_one_cm":272279,"minecraft:walk_one_cm":292920,"minecraft:damage_blocked_by_shield":1760,"minecraft:drop":47,"minecraft:play_time":119556,"minecraft:deaths":7,"minecraft:sneak_time":2621,"minecraft:walk_under_water_one_cm":8947,"minecraft:boat_one_cm":13291,"minecraft:jump":1630,"minecraft:walk_on_water_one_cm":10164,"minecraft:total_world_time":119556,"minecraft:interact_with_furnace":29,"minecraft:interact_with_grindstone":1,"minecraft:sleep_in_bed":4,"minecraft:time_since_rest":3790,"minecraft:damage_absorbed":200,"minecraft:damage_taken":18627,"minecraft:damage_dealt":4198,"minecraft:player_kills":3,"minecraft:swim_one_cm":8380,"minecraft:fly_one_cm":344609,"minecraft:open_chest":128,"minecraft:crouch_one_cm":8669,"minecraft:fall_one_cm":64879,"lootr:looted_stat":62},"minecraft:killed":{"minecraft:cave_spider":1,"irons_spellbooks:cryomancer":1,"seeds:waste":1,"hmag:zombie_girl":2,"minecraft:chicken":1,"irons_spellbooks:necromancer":1,"minecraft:zombie":5,"minecraft:cow":1},"minecraft:killed_by":{"minecraft:player":2,"irons_spellbooks:pyromancer":1,"hmag:zombie_girl":1,"minecraft:cave_spider":1}},"DataVersion":3120}