{"stats":{"minecraft:broken":{"minecraft:shears":2,"minecraft:golden_shovel":1,"minecraft:iron_leggings":1,"useless_sword:emerald_helmet":1,"useless_sword:emerald_boots":1},"minecraft:used":{"minecraft:ladder":3,"minecraft:chest":15,"minecraft:shield":22,"minecraft:stone":4,"minecraft:iron_sword":111,"lootr:trophy":1,"minecraft:carrot":10,"hmag:golden_tropical_fish":1,"minecraft:birch_trapdoor":2,"minecraft:bow":1,"minecraft:furnace":3,"minecraft:potato":8,"organics:emerald_leggings":1,"organics:emerald_chestplate":1,"minecraft:diamond_boots":1,"minecraft:stone_pickaxe":16,"minecraft:wooden_pickaxe":25,"minecraft:white_wool":1,"minecraft:golden_apple":3,"useless_sword:valhalla_sword":83,"minecraft:shears":883,"hammers:iron_hammer":43,"minecraft:dark_oak_log":1,"minecraft:bread":72,"minecraft:diamond_sword":4,"minecraft:wooden_sword":9,"minecraft:stone_sword":30,"minecraft:flint_and_steel":10,"minecraft:armor_stand":1,"minecraft:spruce_planks":2,"minecraft:torch":35,"minecraft:dirt":1,"minecraft:anvil":2,"hammers:stone_hammer":67,"minecraft:golden_shovel":32,"minecraft:dark_oak_planks":12,"minecraft:iron_axe":26,"minecraft:barrel":1,"minecraft:beef":1,"minecraft:cooked_beef":10,"minecraft:turtle_egg":1,"irons_spellbooks:pedestal":3,"minecraft:birch_planks":52,"minecraft:bundle":1,"minecraft:baked_potato":11,"minecraft:crafting_table":3,"minecraft:oak_log":7,"minecraft:diamond_pickaxe":77,"minecraft:black_wool":1,"minecraft:apple":3,"minecraft:stone_axe":128,"vs_eureka:balloon":216,"minecraft:cobblestone":74,"useless_sword:emerald_helmet":1,"minecraft:yellow_bed":2,"minecraft:pumpkin_pie":14,"spelunkery:diamond_grindstone":1,"byg:palm_planks":16,"irons_spellbooks:inscription_table":4},"minecraft:killed":{"minecraft:cave_spider":1,"irons_spellbooks:cryomancer":1,"minecraft:skeleton":2,"minecraft:chicken":1,"minecraft:parrot":2,"irons_spellbooks:necromancer":1,"minecraft:creeper":1,"minecraft:pillager":9,"minecraft:donkey":2,"minecraft:zombie":6,"minecraft:cow":1,"minecraft:phantom":2,"seeds:waste":1,"minecraft:horse":2,"hmag:zombie_girl":3,"arphex:blood_worm":1,"alexsmobs:gazelle":1},"minecraft:custom":{"enigmaticlegacy:play_time_with_seven_curses":40351,"lootr:looted_stat":170,"minecraft:interact_with_crafting_table":61,"minecraft:open_barrel":12,"minecraft:eat_cake_slice":1,"minecraft:leave_game":4,"minecraft:time_since_death":590,"minecraft:sprint_one_cm":523491,"minecraft:damage_blocked_by_shield":1760,"minecraft:drop":100,"minecraft:play_time":239806,"minecraft:deaths":32,"minecraft:jump":2780,"minecraft:walk_on_water_one_cm":19088,"minecraft:interact_with_furnace":41,"minecraft:sleep_in_bed":5,"minecraft:damage_dealt":9194,"minecraft:player_kills":3,"minecraft:crouch_one_cm":13252,"minecraft:interact_with_smoker":3,"minecraft:inspect_dispenser":3,"minecraft:inspect_dropper":1,"minecraft:mob_kills":44,"minecraft:interact_with_anvil":1,"minecraft:climb_one_cm":23463,"minecraft:walk_one_cm":554559,"minecraft:sneak_time":6184,"minecraft:walk_under_water_one_cm":56659,"minecraft:boat_one_cm":13291,"minecraft:total_world_time":239806,"enigmaticlegacy:play_time_without_seven_curses":4721,"minecraft:interact_with_grindstone":1,"minecraft:time_since_rest":612,"minecraft:damage_taken":30024,"minecraft:damage_absorbed":200,"minecraft:swim_one_cm":29395,"minecraft:fly_one_cm":1006930,"minecraft:open_chest":242,"minecraft:fall_one_cm":131483},"minecraft:picked_up":{"minecraft:wooden_axe":1,"irons_spellbooks:scroll":2,"minecraft:wheat":1,"minecraft:anvil":2,"irons_spellbooks:affinity_ring":4,"minecraft:stone_brick_stairs":1,"minecraft:amethyst_block":21,"alexsmobs:gazelle_horn":1,"minecraft:string":61,"minecraft:raw_copper":41,"irons_spellbooks:heavy_chain_necklace":1,"minecraft:iron_leggings":1,"minecraft:armor_stand":1,"irons_spellbooks:arcane_essence":9,"minecraft:deepslate_tiles":1,"minecraft:smooth_stone":4,"minecraft:cobbled_deepslate":11,"minecraft:spruce_planks":2,"hmag:bat_wing":1,"minecraft:rose_bush":1,"minecraft:cobblestone_slab":1,"minecraft:calcite":14,"irons_spellbooks:inscription_table":4,"minecraft:furnace":1,"minecraft:stick":11,"minecraft:birch_trapdoor":2,"minecraft:torch":8,"spelunkery:portal_fluid_bottle":2,"minecraft:diorite":3,"minecraft:rotten_flesh":15,"minecraft:iron_block":1,"supplementaries:ash":22,"minecraft:cobblestone":219,"minecraft:birch_log":68,"minecraft:mossy_cobblestone_slab":2,"minecraft:cooked_beef":1,"useless_sword:valhalla_sword":3,"minecraft:feather":4,"minecraft:iron_door":1,"minecraft:potato":4,"supplementaries:flax_seeds":2,"minecraft:magenta_terracotta":1,"minecraft:dirt":2,"lootr:trophy":1,"minecraft:polished_granite":1,"hmag:evil_crystal_fragment":2,"minecraft:bone":2,"irons_spellbooks:pedestal":4,"minecraft:bow":1,"minecraft:wheat_seeds":1,"artifacts:antidote_vessel":1,"minecraft:oak_planks":2,"car:canola_seeds":1,"minecraft:sand":26,"minecraft:acacia_stairs":2,"minecraft:mossy_cobblestone":6,"minecraft:dark_oak_log":1,"alexsmobs:animal_dictionary":1,"minecraft:barrel":1,"irons_spellbooks:ice_rune":1,"minecraft:bundle":1,"minecraft:yellow_carpet":1,"minecraft:crossbow":1,"minecraft:granite":5,"minecraft:bread":2,"minecraft:emerald":50,"minecraft:oak_sapling":4,"minecraft:andesite_slab":2,"minecraft:diamond_pickaxe":1,"minecraft:crafting_table":1,"byg:soapstone":21,"minecraft:leather_leggings":1,"spelunkery:rough_emerald":8,"minecraft:gold_block":1,"byg:palm_sapling":1,"minecraft:cyan_carpet":10,"minecraft:beef":1,"irons_spellbooks:epic_ink":1,"minecraft:iron_nugget":9,"irons_spellbooks:emerald_stoneplate_ring":2,"minecraft:lectern":1,"minecraft:chest":2,"minecraft:birch_sapling":15,"minecraft:phantom_membrane":1,"minecraft:raw_iron":80,"minecraft:polished_deepslate_slab":1,"create:hand_crank":1,"minecraft:carrot":15,"minecraft:purple_terracotta":9,"minecraft:dark_oak_planks":12,"byg:biomepedia":2,"minecraft:arrow":12,"minecraft:peony":1,"artifacts:cross_necklace":1,"byg:palm_log":58,"minecraft:white_wool":598,"minecraft:clock":1,"minecraft:tripwire_hook":3,"wandering_bags:pillager_bag":1,"minecraft:leather":7,"minecraft:filled_map":1,"minecraft:birch_planks":2,"minecraft:oak_log":10,"minecraft:yellow_bed":2,"minecraft:gunpowder":16,"byg:dacite_cobblestone":31,"minecraft:paper":1,"minecraft:white_banner":1,"minecraft:light_gray_glazed_terracotta":1,"vs_eureka:balloon":4,"minecraft:cobweb":2,"minecraft:dark_oak_stairs":2,"minecraft:book":21,"minecraft:prismarine_brick_stairs":2,"minecraft:dark_oak_slab":2,"minecraft:gravel":29,"enigmaticlegacy:enigmatic_amulet":1,"minecraft:amethyst_shard":2,"minecraft:red_banner":1,"minecraft:spider_eye":1,"minecraft:crying_obsidian":1,"enigmaticlegacy:cursed_ring":1,"minecraft:stone_axe":1,"spelunkery:rough_diamond":1,"spelunkery:parachute":1,"spelunkery:raw_iron_nugget":11,"minecraft:baked_potato":7,"minecraft:black_wool":201,"minecraft:coal":9,"minecraft:ender_pearl":7},"minecraft:mined":{"minecraft:large_amethyst_bud":1,"minecraft:spruce_planks":2,"minecraft:grass_block":1,"minecraft:stone_brick_wall":1,"minecraft:yellow_carpet":2,"minecraft:spawner":1,"minecraft:iron_ore":3,"minecraft:fire":2,"minecraft:barrel":1,"spelunkery:diamond_grindstone":1,"minecraft:anvil":2,"minecraft:dark_oak_stairs":4,"irons_spellbooks:pedestal":3,"lootr:lootr_chest":2,"minecraft:powder_snow":7,"minecraft:torch":3,"minecraft:chest":1,"minecraft:cobblestone":2,"minecraft:wall_torch":4,"vs_eureka:balloon":5,"byg:soapstone":5,"minecraft:dark_oak_slab":2,"minecraft:birch_trapdoor":1,"organics:ender_pearl_ore":4,"minecraft:grass":12,"minecraft:sand":32,"minecraft:dirt":2,"minecraft:deepslate":2,"minecraft:crying_obsidian":1,"minecraft:deepslate_tiles":2,"minecraft:diamond_ore":1,"minecraft:tuff":2,"minecraft:mossy_cobblestone":1,"minecraft:dark_oak_log":1,"gravestone:gravestone":23,"minecraft:hay_block":6,"minecraft:furnace":1,"minecraft:acacia_stairs":1,"spelunkery:granite_iron_ore":4,"treechop:chopped_log":12,"minecraft:bookshelf":10,"minecraft:cobblestone_slab":1,"minecraft:deepslate_iron_ore":5,"irons_spellbooks:inscription_table":4,"minecraft:stone":25,"minecraft:white_wool":664,"lootr:lootr_barrel":1,"minecraft:crafting_table":1,"minecraft:emerald_ore":5,"minecraft:andesite_slab":2,"minecraft:lectern":1,"minecraft:copper_ore":5,"minecraft:birch_planks":9,"minecraft:white_wall_banner":1,"minecraft:yellow_bed":2,"minecraft:red_wall_banner":1,"minecraft:black_wool":218,"minecraft:coal_ore":5,"minecraft:gravel":5,"minecraft:cobweb":74,"minecraft:cracked_stone_bricks":2,"minecraft:stone_bricks":12,"minecraft:dark_oak_planks":13},"minecraft:killed_by":{"irons_spellbooks:pyromancer":1,"minecraft:pillager":6,"hmag:drowned_girl":1,"hmag:zombie_girl":1,"minecraft:vindicator":13,"minecraft:cave_spider":1,"minecraft:zombie":2,"minecraft:player":2,"arphex:blood_worm":1},"minecraft:crafted":{"minecraft:smooth_stone":3,"minecraft:stone":7,"minecraft:iron_boots":1,"minecraft:raw_copper":36,"minecraft:chest":13,"organics:emerald_leggings":1,"minecraft:crafting_table":2,"hammers:stone_hammer":1,"minecraft:wooden_pickaxe":1,"minecraft:iron_helmet":1,"minecraft:baked_potato":2,"minecraft:birch_planks":88,"minecraft:polished_deepslate_slab":6,"byg:palm_planks":120,"minecraft:iron_chestplate":1,"minecraft:stick":24,"minecraft:iron_ingot":120,"minecraft:stone_sword":1,"minecraft:gold_ingot":9,"hammers:iron_hammer":1,"minecraft:shears":7,"useless_sword:emerald_boots":2,"minecraft:cobbled_deepslate_slab":6,"minecraft:furnace":3,"minecraft:blast_furnace":1,"minecraft:flint_and_steel":1,"spelunkery:diamond_grindstone":1,"organics:emerald_chestplate":2,"minecraft:polished_deepslate":8,"minecraft:iron_axe":1,"minecraft:ladder":3,"minecraft:stone_pickaxe":1,"useless_sword:emerald_helmet":2,"minecraft:cooked_beef":10,"vs_eureka:balloon":820,"minecraft:iron_sword":2,"minecraft:stone_axe":1,"minecraft:bread":17,"minecraft:air":0,"spelunkery:rough_diamond_shard":9,"minecraft:white_wool":16,"minecraft:wooden_axe":1,"minecraft:birch_trapdoor":2,"minecraft:iron_leggings":1,"minecraft:torch":28},"minecraft:dropped":{"byg:biomepedia":3,"minecraft:iron_sword":1,"minecraft:dark_oak_stairs":2,"minecraft:dark_oak_slab":2,"minecraft:emerald":48,"minecraft:dirt":1,"minecraft:dark_oak_log":7,"minecraft:cyan_carpet":10,"minecraft:bone":2,"byg:palm_planks":2,"spelunkery:portal_fluid_bottle":1,"minecraft:stone_axe":2,"alexsmobs:animal_dictionary":2,"minecraft:birch_sapling":1,"minecraft:rotten_flesh":6,"irons_spellbooks:heavy_chain_necklace":1,"supplementaries:flax_seeds":2,"supplementaries:ash":22,"minecraft:leather_boots":1,"minecraft:leather_leggings":1,"hmag:bat_wing":1,"minecraft:arrow":1,"minecraft:polished_granite":1,"minecraft:lectern":1,"minecraft:purple_terracotta":9,"minecraft:iron_ingot":3,"minecraft:wheat_seeds":1,"minecraft:clock":1,"minecraft:mossy_cobblestone":2,"minecraft:feather":2,"minecraft:cobblestone":74,"minecraft:granite":4,"useless_sword:valhalla_sword":1,"minecraft:diorite":1,"minecraft:torch":1,"irons_spellbooks:pedestal":1,"minecraft:wooden_axe":2,"minecraft:rose_bush":1,"minecraft:iron_door":1,"minecraft:smooth_stone":4,"minecraft:paper":1,"minecraft:tripwire_hook":3,"car:canola_seeds":1,"minecraft:stone_sword":1,"minecraft:iron_boots":1,"minecraft:cobbled_deepslate_slab":6,"minecraft:shears":1,"minecraft:blast_furnace":1,"minecraft:filled_map":3,"minecraft:cobblestone_slab":1,"minecraft:potato":1,"minecraft:stone":2,"minecraft:bundle":2,"minecraft:diamond_pickaxe":1,"artifacts:antidote_vessel":1,"minecraft:golden_leggings":1,"spelunkery:parachute":1,"artifacts:cross_necklace":2,"minecraft:stone_pickaxe":1,"minecraft:magenta_terracotta":1}},"DataVersion":3120}