{"stats":{"minecraft:broken":{"minecraft:shears":1,"minecraft:stone_axe":1},"minecraft:killed":{"minecraft:witch":1,"items_to_mobs:redstone_bug":1,"minecraft:spider":1,"minecraft:skeleton":2,"minecraft:chicken":3,"alexsmobs:skelewag":1,"minecraft:pig":1,"minecraft:zombie_villager":1,"minecraft:creeper":1,"minecraft:sheep":1,"minecraft:pillager":2,"minecraft:zombie":16,"minecraft:cow":3,"minecraft:vindicator":2,"seeds:waste":1,"minecraft:phantom":1,"minecraft:horse":1,"hmag:zombie_girl":1,"arphex:hornet_harbinger":1,"minecraft:drowned":3,"hmag:ghost":3,"alexsmobs:crow":1,"seeds:bad_grass":2},"minecraft:used":{"minecraft:iron_shovel":68,"minecraft:ladder":9,"minecraft:chest":6,"minecraft:shield":8,"minecraft:carrot":51,"minecraft:honey_bottle":4,"hmag:golden_tropical_fish":1,"minecraft:oak_sapling":1,"minecraft:cooked_cod":1,"minecraft:egg":1,"minecraft:potato":5,"car:canola_seeds":12,"minecraft:dark_oak_stairs":2,"minecraft:diamond_boots":1,"minecraft:stone_pickaxe":25,"minecraft:wooden_pickaxe":15,"minecraft:diamond_axe":130,"minecraft:white_wool":1,"minecraft:golden_apple":1,"minecraft:crossbow":1,"minecraft:note_block":1,"minecraft:shears":272,"minecraft:birch_fence":18,"minecraft:birch_fence_gate":1,"minecraft:dark_oak_log":1,"minecraft:birch_slab":60,"minecraft:cyan_bed":1,"minecraft:bread":24,"minecraft:lectern":1,"useless_sword:prismarine_sword":77,"minecraft:diamond_sword":54,"minecraft:wooden_sword":8,"vs_eureka:engine":1,"minecraft:cooked_rabbit":3,"byg:palm_sapling":1,"minecraft:enchanting_table":1,"minecraft:stone_sword":72,"minecraft:flint_and_steel":12,"hammers:enhanced_diamond_hammer":255,"minecraft:stone_hoe":44,"minecraft:cooked_chicken":1,"minecraft:torch":11,"minecraft:dirt":45,"minecraft:diamond_helmet":1,"minecraft:birch_door":2,"minecraft:bookshelf":18,"minecraft:iron_axe":52,"minecraft:oak_stairs":1,"minecraft:diamond_chestplate":1,"minecraft:cooked_beef":1,"minecraft:acacia_planks":3,"minecraft:wheat_seeds":19,"minecraft:cooked_mutton":1,"minecraft:water_bucket":10,"minecraft:birch_planks":232,"minecraft:baked_potato":11,"minecraft:oak_slab":2,"minecraft:crafting_table":12,"minecraft:smoker":1,"minecraft:wooden_hoe":10,"minecraft:diamond_pickaxe":9,"minecraft:diamond_shovel":8,"minecraft:iron_pickaxe":19,"vs_eureka:spruce_ship_helm":1,"minecraft:stone_axe":185,"vs_eureka:balloon":31,"minecraft:cobblestone":25,"minecraft:bucket":11,"minecraft:pumpkin_pie":1,"minecraft:diamond_leggings":1},"minecraft:custom":{"enigmaticlegacy:play_time_with_seven_curses":76989,"lootr:looted_stat":84,"minecraft:animals_bred":2,"minecraft:interact_with_crafting_table":70,"minecraft:open_barrel":7,"minecraft:bell_ring":2,"minecraft:eat_cake_slice":4,"minecraft:leave_game":11,"minecraft:time_since_death":12060,"minecraft:sprint_one_cm":339464,"minecraft:damage_blocked_by_shield":130,"minecraft:drop":124,"minecraft:play_noteblock":1,"minecraft:talked_to_villager":6,"minecraft:play_time":211289,"minecraft:deaths":37,"minecraft:jump":1783,"minecraft:walk_on_water_one_cm":44415,"minecraft:interact_with_furnace":23,"minecraft:sleep_in_bed":4,"minecraft:damage_dealt":9992,"minecraft:player_kills":1,"minecraft:crouch_one_cm":10630,"minecraft:interact_with_smoker":22,"minecraft:inspect_dispenser":1,"minecraft:interact_with_smithing_table":2,"minecraft:mob_kills":53,"minecraft:damage_dealt_resisted":458,"minecraft:climb_one_cm":13591,"minecraft:walk_one_cm":522170,"minecraft:damage_dealt_absorbed":121,"minecraft:sneak_time":3516,"minecraft:walk_under_water_one_cm":107938,"minecraft:total_world_time":211289,"enigmaticlegacy:play_time_without_seven_curses":28137,"minecraft:tune_noteblock":13,"minecraft:time_since_rest":12084,"minecraft:damage_taken":15456,"minecraft:damage_absorbed":120,"minecraft:swim_one_cm":147786,"minecraft:fly_one_cm":771895,"minecraft:open_chest":55,"minecraft:fall_one_cm":76259},"minecraft:picked_up":{"minecraft:wheat":29,"minecraft:nether_brick_fence":1,"minecraft:diamond_sword":2,"minecraft:oak_stairs":1,"minecraft:string":1,"minecraft:raw_copper":7,"spelunkery:raw_copper_nugget":6,"minecraft:beetroot":3,"minecraft:cobbled_deepslate":374,"minecraft:coal_block":11,"minecraft:iron_boots":1,"minecraft:stick":61,"spelunkery:rough_cinnabar_shard":25,"minecraft:torch":7,"minecraft:porkchop":10,"spelunkery:mineomite":1,"minecraft:rotten_flesh":28,"irons_spellbooks:arcane_debris":3,"supplementaries:ash":18,"minecraft:obsidian":42,"minecraft:iron_bars":1,"minecraft:cobblestone":355,"minecraft:birch_log":214,"minecraft:enchanting_table":1,"minecraft:feather":4,"minecraft:water_bucket":1,"minecraft:birch_slab":6,"minecraft:smoker":1,"minecraft:potato":47,"spelunkery:rough_cinnabar":47,"enigmaticgraves:grave_finder":4,"minecraft:dirt":90,"minecraft:leather_boots":1,"irons_spellbooks:hogskin":1,"minecraft:bone":1,"minecraft:chipped_anvil":1,"minecraft:acacia_planks":3,"minecraft:wheat_seeds":114,"minecraft:raw_gold":5,"minecraft:oak_planks":200,"hmag:soul_powder":4,"car:canola_seeds":12,"minecraft:sand":16,"minecraft:ink_sac":3,"minecraft:cyan_bed":1,"minecraft:dark_oak_log":1,"minecraft:stripped_acacia_log":3,"minecraft:yellow_carpet":5,"spelunkery:rough_lazurite_shard":63,"minecraft:granite":54,"spelunkery:raw_gold_nugget":12,"minecraft:oak_sapling":9,"minecraft:diamond_pickaxe":2,"minecraft:crafting_table":3,"byg:soapstone":88,"minecraft:chicken":3,"minecraft:ladder":1,"spelunkery:rough_emerald":8,"minecraft:cooked_rabbit":3,"minecraft:gold_block":9,"minecraft:iron_axe":1,"byg:palm_sapling":1,"minecraft:beef":8,"minecraft:poppy":2,"minecraft:spruce_slab":2,"minecraft:lectern":1,"minecraft:sugar_cane":5,"minecraft:chest":1,"minecraft:birch_sapling":68,"minecraft:egg":5,"minecraft:raw_iron":6,"useless_sword:turtle_sword":1,"minecraft:stone":2,"minecraft:bowl":2,"minecraft:spruce_fence":4,"minecraft:note_block":1,"sophisticatedbackpacks:backpack":2,"organics:planks_chestplate":1,"minecraft:carrot":53,"minecraft:redstone":2,"minecraft:dark_oak_planks":6,"minecraft:arrow":4,"minecraft:beetroot_seeds":11,"spelunkery:coal_lump":240,"minecraft:hay_block":2,"artifacts:cross_necklace":3,"sophisticatedbackpacks:copper_backpack":1,"minecraft:mutton":1,"minecraft:white_wool":160,"hmag:reinforcing_chain":1,"minecraft:leather":5,"minecraft:birch_planks":67,"minecraft:oak_log":88,"byg:dacite_cobblestone":1,"minecraft:kelp":387,"spelunkery:rough_lazurite":19,"minecraft:iron_ingot":3,"vs_eureka:balloon":1,"minecraft:iron_sword":1,"minecraft:dark_oak_stairs":4,"minecraft:book":129,"minecraft:oak_slab":2,"minecraft:emerald_block":5,"minecraft:dark_oak_slab":2,"minecraft:dandelion":2,"minecraft:birch_stairs":1,"minecraft:spruce_sapling":1,"minecraft:blast_furnace":1,"minecraft:spruce_door":1,"minecraft:slime_ball":1,"wandering_bags:witch_bag":1,"minecraft:diamond_axe":1,"spelunkery:raw_iron_nugget":4,"minecraft:baked_potato":3,"minecraft:black_wool":103,"minecraft:coal":149,"hammers:enhanced_diamond_hammer":2,"minecraft:ender_pearl":1},"minecraft:mined":{"minecraft:spruce_planks":2,"minecraft:grass_block":52,"minecraft:yellow_carpet":1,"minecraft:spawner":2,"minecraft:tall_seagrass":9,"minecraft:fire":10,"minecraft:enchanting_table":1,"minecraft:dark_oak_stairs":2,"minecraft:oak_stairs":1,"minecraft:iron_bars":1,"minecraft:spruce_slab":2,"byg:dacite":1,"minecraft:kelp_plant":74,"spelunkery:mineomite":8,"minecraft:smoker":1,"minecraft:torch":5,"minecraft:note_block":1,"minecraft:chest":1,"minecraft:cyan_bed":1,"minecraft:sugar_cane":4,"minecraft:wall_torch":2,"vs_eureka:balloon":3,"minecraft:seagrass":5,"minecraft:birch_log":3,"minecraft:wheat":35,"minecraft:grass":191,"minecraft:oak_log":16,"minecraft:beetroots":6,"minecraft:sand":17,"minecraft:dirt":28,"minecraft:deepslate":4,"minecraft:emerald_block":5,"minecraft:tuff":1,"minecraft:dark_oak_log":1,"gravestone:gravestone":22,"minecraft:spruce_fence":4,"minecraft:birch_slab":5,"minecraft:kelp":20,"minecraft:carrots":19,"treechop:chopped_log":29,"minecraft:gold_block":9,"minecraft:nether_brick_fence":1,"minecraft:bookshelf":44,"minecraft:potatoes":11,"minecraft:stripped_acacia_log":3,"minecraft:stone":20,"minecraft:white_wool":168,"minecraft:oak_slab":1,"minecraft:crafting_table":2,"minecraft:copper_ore":2,"minecraft:tall_grass":1,"minecraft:birch_planks":66,"minecraft:black_wool":104,"minecraft:coal_ore":18,"minecraft:acacia_planks":3,"minecraft:chipped_anvil":1,"minecraft:deepslate_emerald_ore":1,"minecraft:fern":1,"minecraft:dark_oak_planks":7},"minecraft:killed_by":{"minecraft:creeper":1,"minecraft:pillager":4,"hmag:harpy":1,"minecraft:drowned":4,"minecraft:vindicator":11,"minecraft:zombie":2,"alexsmobs:grizzly_bear":1,"alexsmobs:skelewag":1,"minecraft:player":4,"seeds:waste":1,"arphex:spider_jump":1,"irons_spellbooks:necromancer":1,"minecraft:hoglin":1,"minecraft:skeleton":3,"minecraft:phantom":1},"minecraft:crafted":{"minecraft:smooth_stone":3,"minecraft:oak_planks":196,"minecraft:birch_slab":54,"minecraft:stone":6,"minecraft:diamond_shovel":1,"minecraft:bookshelf":18,"minecraft:glass":7,"minecraft:birch_fence_gate":1,"minecraft:chest":5,"minecraft:birch_door":3,"minecraft:dried_kelp_block":4,"hammers:enhanced_diamond_hammer":1,"minecraft:stone_hoe":1,"minecraft:diamond_axe":1,"minecraft:crafting_table":10,"minecraft:wooden_pickaxe":1,"organics:planks_helmet":1,"vs_eureka:spruce_ship_helm":1,"minecraft:oak_wood":3,"minecraft:birch_planks":340,"organics:planks_chestplate":1,"minecraft:wooden_hoe":1,"minecraft:diamond_pickaxe":1,"minecraft:charcoal":8,"minecraft:emerald_block":12,"minecraft:birch_fence":18,"minecraft:stick":52,"minecraft:iron_pickaxe":1,"minecraft:stone_sword":2,"minecraft:shears":2,"minecraft:coal":30,"minecraft:iron_nugget":9,"minecraft:bone_meal":24,"organics:planks_leggings":1,"minecraft:diamond_block":1,"minecraft:glass_pane":16,"vs_eureka:engine":1,"minecraft:ladder":9,"minecraft:stone_pickaxe":1,"minecraft:enchanting_table":1,"minecraft:dried_kelp":41,"vs_eureka:balloon":100,"minecraft:bucket":2,"hammers:enhanced_stick":1,"minecraft:stone_axe":2,"minecraft:air":0,"minecraft:iron_shovel":1,"minecraft:acacia_planks":12,"minecraft:torch":28},"minecraft:dropped":{"hmag:reinforcing_chain":1,"organics:planks_helmet":1,"organics:planks_chestplate":2,"minecraft:birch_planks":2,"minecraft:baked_potato":5,"minecraft:crafting_table":1,"minecraft:cooked_porkchop":1,"enigmaticgraves:grave_finder":8,"spelunkery:raw_gold_nugget":12,"minecraft:dirt":3,"minecraft:birch_fence":4,"spelunkery:rough_cinnabar_shard":25,"spelunkery:coal_lump":2,"minecraft:pumpkin_pie":3,"minecraft:wooden_sword":1,"minecraft:sand":9,"minecraft:iron_pickaxe":1,"minecraft:fishing_rod":1,"minecraft:birch_stairs":1,"minecraft:bone":1,"spelunkery:mineomite":1,"minecraft:iron_nugget":5,"minecraft:cobbled_deepslate":247,"minecraft:birch_sapling":1,"minecraft:oak_planks":184,"supplementaries:ash":18,"minecraft:leather_boots":2,"minecraft:birch_door":1,"minecraft:ladder":1,"minecraft:spruce_slab":1,"minecraft:iron_bars":1,"minecraft:cobblestone":381,"minecraft:granite":54,"spelunkery:raw_iron_nugget":4,"minecraft:yellow_carpet":1,"irons_spellbooks:affinity_ring":1,"minecraft:torch":9,"minecraft:iron_axe":1,"minecraft:iron_shovel":1,"minecraft:string":1,"minecraft:spruce_sapling":1,"hmag:soul_powder":2,"minecraft:kelp":2,"naturalist:cooked_catfish":1,"minecraft:stone_sword":1,"minecraft:bowl":2,"minecraft:iron_boots":2,"organics:planks_leggings":1,"minecraft:spruce_fence":1,"minecraft:potato":1,"minecraft:oak_sapling":8,"artifacts:cross_necklace":5,"minecraft:wooden_pickaxe":1}},"DataVersion":3120}