{"stats":{"minecraft:broken":{"minecraft:shears":1,"minecraft:stone_axe":1},"minecraft:killed":{"minecraft:witch":1,"minecraft:vindicator":2,"seeds:waste":1,"minecraft:horse":1,"hmag:zombie_girl":1,"arphex:hornet_harbinger":1,"minecraft:chicken":3,"minecraft:drowned":3,"alexsmobs:skelewag":1,"minecraft:pig":1,"hmag:ghost":3,"minecraft:sheep":1,"minecraft:pillager":2,"minecraft:zombie":14,"alexsmobs:crow":1,"seeds:bad_grass":2,"minecraft:cow":2},"minecraft:used":{"minecraft:stone_sword":72,"minecraft:iron_shovel":68,"minecraft:flint_and_steel":12,"minecraft:ladder":9,"minecraft:chest":6,"minecraft:shield":8,"minecraft:cooked_chicken":1,"minecraft:stone_hoe":44,"minecraft:torch":8,"minecraft:dirt":45,"minecraft:carrot":51,"minecraft:honey_bottle":4,"minecraft:birch_door":2,"minecraft:oak_stairs":1,"minecraft:iron_axe":52,"hmag:golden_tropical_fish":1,"minecraft:cooked_cod":1,"minecraft:cooked_beef":1,"minecraft:potato":5,"car:canola_seeds":12,"minecraft:acacia_planks":3,"minecraft:cooked_mutton":1,"minecraft:wheat_seeds":19,"minecraft:dark_oak_stairs":2,"minecraft:water_bucket":3,"minecraft:birch_planks":232,"minecraft:baked_potato":5,"minecraft:stone_pickaxe":25,"minecraft:wooden_pickaxe":15,"minecraft:diamond_axe":17,"minecraft:white_wool":1,"minecraft:golden_apple":1,"minecraft:oak_slab":2,"minecraft:crafting_table":10,"minecraft:note_block":1,"minecraft:shears":272,"minecraft:smoker":1,"minecraft:birch_fence":18,"minecraft:wooden_hoe":10,"minecraft:diamond_pickaxe":1,"minecraft:diamond_shovel":8,"minecraft:birch_fence_gate":1,"minecraft:dark_oak_log":1,"minecraft:bread":17,"minecraft:birch_slab":60,"minecraft:cyan_bed":1,"minecraft:iron_pickaxe":19,"minecraft:lectern":1,"useless_sword:prismarine_sword":77,"vs_eureka:spruce_ship_helm":1,"minecraft:stone_axe":185,"minecraft:diamond_sword":19,"vs_eureka:balloon":31,"minecraft:wooden_sword":8,"minecraft:cobblestone":14,"vs_eureka:engine":1,"minecraft:cooked_rabbit":3,"minecraft:bucket":4,"minecraft:pumpkin_pie":1},"minecraft:custom":{"minecraft:interact_with_smithing_table":2,"enigmaticlegacy:play_time_with_seven_curses":63024,"lootr:looted_stat":81,"minecraft:mob_kills":43,"minecraft:animals_bred":2,"minecraft:interact_with_crafting_table":62,"minecraft:open_barrel":7,"minecraft:bell_ring":2,"minecraft:damage_dealt_resisted":458,"minecraft:eat_cake_slice":4,"minecraft:leave_game":11,"minecraft:time_since_death":8205,"minecraft:climb_one_cm":13591,"minecraft:sprint_one_cm":264653,"minecraft:walk_one_cm":437589,"minecraft:damage_blocked_by_shield":130,"minecraft:drop":67,"minecraft:play_noteblock":1,"minecraft:damage_dealt_absorbed":121,"minecraft:talked_to_villager":6,"minecraft:play_time":175289,"minecraft:deaths":34,"minecraft:sneak_time":3268,"minecraft:walk_under_water_one_cm":101329,"minecraft:jump":1355,"minecraft:walk_on_water_one_cm":26347,"minecraft:total_world_time":175289,"minecraft:interact_with_furnace":23,"enigmaticlegacy:play_time_without_seven_curses":6172,"minecraft:tune_noteblock":13,"minecraft:sleep_in_bed":4,"minecraft:time_since_rest":2440,"minecraft:damage_absorbed":120,"minecraft:damage_taken":14234,"minecraft:damage_dealt":7356,"minecraft:player_kills":1,"minecraft:swim_one_cm":140118,"minecraft:fly_one_cm":572109,"minecraft:open_chest":53,"minecraft:crouch_one_cm":10583,"minecraft:interact_with_smoker":22,"minecraft:fall_one_cm":60690,"minecraft:inspect_dispenser":1},"minecraft:picked_up":{"minecraft:crafting_table":2,"minecraft:wheat":29,"minecraft:nether_brick_fence":1,"minecraft:chicken":3,"minecraft:ladder":1,"spelunkery:rough_emerald":1,"minecraft:oak_stairs":1,"minecraft:cooked_rabbit":3,"minecraft:gold_block":9,"minecraft:raw_copper":7,"minecraft:iron_axe":1,"minecraft:beetroot":3,"minecraft:beef":5,"minecraft:poppy":2,"minecraft:spruce_slab":2,"minecraft:lectern":1,"minecraft:sugar_cane":5,"minecraft:chest":1,"minecraft:birch_sapling":37,"minecraft:iron_boots":1,"minecraft:egg":4,"minecraft:stick":31,"useless_sword:turtle_sword":1,"minecraft:stone":2,"minecraft:torch":7,"minecraft:bowl":2,"sophisticatedbackpacks:backpack":1,"minecraft:note_block":1,"minecraft:spruce_fence":4,"minecraft:porkchop":10,"minecraft:carrot":53,"organics:planks_chestplate":1,"minecraft:redstone":2,"spelunkery:mineomite":1,"minecraft:dark_oak_planks":6,"minecraft:arrow":4,"minecraft:rotten_flesh":23,"minecraft:beetroot_seeds":11,"minecraft:hay_block":2,"artifacts:cross_necklace":3,"sophisticatedbackpacks:copper_backpack":1,"supplementaries:ash":18,"minecraft:mutton":1,"minecraft:iron_bars":1,"minecraft:white_wool":160,"minecraft:cobblestone":77,"minecraft:birch_log":109,"minecraft:feather":4,"minecraft:birch_slab":6,"hmag:reinforcing_chain":1,"minecraft:leather":3,"minecraft:smoker":1,"minecraft:potato":47,"minecraft:birch_planks":67,"minecraft:oak_log":10,"enigmaticgraves:grave_finder":3,"byg:dacite_cobblestone":1,"minecraft:dirt":87,"minecraft:leather_boots":1,"irons_spellbooks:hogskin":1,"minecraft:chipped_anvil":1,"minecraft:acacia_planks":3,"minecraft:kelp":387,"minecraft:wheat_seeds":114,"vs_eureka:balloon":1,"minecraft:iron_ingot":3,"minecraft:iron_sword":1,"minecraft:dark_oak_stairs":4,"minecraft:book":75,"minecraft:oak_slab":2,"minecraft:dark_oak_slab":2,"minecraft:emerald_block":5,"hmag:soul_powder":2,"car:canola_seeds":12,"minecraft:dandelion":2,"minecraft:birch_stairs":1,"minecraft:sand":16,"minecraft:spruce_sapling":1,"minecraft:ink_sac":3,"minecraft:blast_furnace":1,"minecraft:cyan_bed":1,"minecraft:dark_oak_log":1,"minecraft:spruce_door":1,"minecraft:stripped_acacia_log":3,"minecraft:yellow_carpet":5,"minecraft:slime_ball":1,"wandering_bags:witch_bag":1,"minecraft:black_wool":103,"minecraft:coal":18,"minecraft:ender_pearl":1},"minecraft:mined":{"minecraft:spruce_planks":2,"minecraft:dark_oak_log":1,"gravestone:gravestone":22,"minecraft:grass_block":52,"minecraft:spruce_fence":4,"minecraft:yellow_carpet":1,"minecraft:birch_slab":5,"minecraft:kelp":20,"minecraft:spawner":2,"minecraft:tall_seagrass":9,"minecraft:carrots":19,"minecraft:fire":1,"treechop:chopped_log":17,"minecraft:gold_block":9,"minecraft:dark_oak_stairs":2,"minecraft:nether_brick_fence":1,"minecraft:bookshelf":26,"minecraft:potatoes":11,"minecraft:iron_bars":1,"minecraft:oak_stairs":1,"minecraft:stripped_acacia_log":3,"minecraft:stone":19,"minecraft:white_wool":168,"minecraft:spruce_slab":2,"byg:dacite":1,"minecraft:oak_slab":1,"minecraft:kelp_plant":74,"spelunkery:mineomite":8,"minecraft:smoker":1,"minecraft:crafting_table":2,"minecraft:torch":5,"minecraft:note_block":1,"minecraft:chest":1,"minecraft:tall_grass":1,"minecraft:copper_ore":2,"minecraft:cyan_bed":1,"minecraft:sugar_cane":4,"minecraft:wall_torch":2,"minecraft:seagrass":5,"vs_eureka:balloon":3,"minecraft:birch_planks":66,"minecraft:birch_log":2,"minecraft:wheat":35,"minecraft:oak_log":16,"minecraft:grass":189,"minecraft:black_wool":104,"minecraft:coal_ore":18,"minecraft:beetroots":6,"minecraft:sand":17,"minecraft:dirt":26,"minecraft:acacia_planks":3,"minecraft:chipped_anvil":1,"minecraft:emerald_block":5,"minecraft:fern":1,"minecraft:dark_oak_planks":7},"minecraft:killed_by":{"alexsmobs:skelewag":1,"minecraft:player":4,"seeds:waste":1,"minecraft:creeper":1,"minecraft:pillager":4,"hmag:harpy":1,"minecraft:drowned":4,"minecraft:vindicator":11,"irons_spellbooks:necromancer":1,"minecraft:hoglin":1,"minecraft:skeleton":2,"minecraft:phantom":1,"minecraft:zombie":2},"minecraft:crafted":{"minecraft:smooth_stone":3,"minecraft:iron_nugget":9,"minecraft:birch_slab":54,"minecraft:stone":6,"minecraft:bone_meal":24,"minecraft:diamond_shovel":1,"minecraft:glass_pane":16,"minecraft:diamond_block":1,"organics:planks_leggings":1,"minecraft:glass":7,"vs_eureka:engine":1,"minecraft:ladder":9,"minecraft:birch_fence_gate":1,"minecraft:stone_pickaxe":1,"minecraft:chest":5,"minecraft:birch_door":3,"minecraft:dried_kelp_block":4,"hammers:enhanced_diamond_hammer":1,"minecraft:stone_hoe":1,"minecraft:diamond_axe":1,"minecraft:crafting_table":8,"minecraft:dried_kelp":41,"organics:planks_helmet":1,"minecraft:wooden_pickaxe":1,"vs_eureka:balloon":100,"vs_eureka:spruce_ship_helm":1,"hammers:enhanced_stick":1,"minecraft:bucket":2,"minecraft:birch_planks":340,"minecraft:stone_axe":2,"minecraft:air":0,"minecraft:emerald_block":12,"minecraft:charcoal":8,"minecraft:diamond_pickaxe":1,"minecraft:wooden_hoe":1,"organics:planks_chestplate":1,"minecraft:birch_fence":18,"minecraft:stick":52,"minecraft:iron_pickaxe":1,"minecraft:stone_sword":2,"minecraft:iron_shovel":1,"minecraft:acacia_planks":12,"minecraft:torch":4,"minecraft:shears":2},"minecraft:dropped":{"hmag:reinforcing_chain":1,"organics:planks_helmet":1,"organics:planks_chestplate":2,"minecraft:birch_planks":2,"minecraft:baked_potato":2,"enigmaticgraves:grave_finder":6,"minecraft:birch_fence":4,"minecraft:torch":1,"minecraft:wooden_sword":1,"minecraft:iron_axe":1,"minecraft:sand":9,"minecraft:iron_pickaxe":1,"minecraft:iron_shovel":1,"minecraft:birch_stairs":1,"minecraft:spruce_sapling":1,"spelunkery:mineomite":1,"minecraft:kelp":2,"naturalist:cooked_catfish":1,"minecraft:iron_nugget":5,"minecraft:stone_sword":1,"minecraft:bowl":2,"minecraft:birch_sapling":1,"minecraft:iron_boots":1,"organics:planks_leggings":1,"minecraft:spruce_fence":1,"supplementaries:ash":18,"minecraft:potato":1,"minecraft:leather_boots":2,"minecraft:birch_door":1,"minecraft:ladder":1,"artifacts:cross_necklace":2,"minecraft:spruce_slab":1,"minecraft:iron_bars":1,"minecraft:wooden_pickaxe":1}},"DataVersion":3120}