{"stats":{"minecraft:crafted":{"minecraft:crafting_table":4,"minecraft:wooden_pickaxe":1,"organics:planks_helmet":1,"minecraft:birch_slab":54,"minecraft:birch_planks":244,"minecraft:stone_axe":2,"organics:planks_leggings":1,"organics:planks_chestplate":1,"minecraft:birch_fence_gate":1,"minecraft:birch_fence":18,"minecraft:stick":12,"minecraft:stone_pickaxe":1,"minecraft:stone_sword":2,"minecraft:chest":2,"minecraft:birch_door":3,"minecraft:torch":4,"minecraft:stone_hoe":1},"minecraft:dropped":{"organics:planks_chestplate":2,"minecraft:stone_sword":1,"minecraft:birch_sapling":1,"minecraft:leather_boots":2,"minecraft:birch_door":1,"gravestone:obituary":9,"minecraft:wooden_sword":1,"minecraft:wooden_pickaxe":1},"minecraft:mined":{"minecraft:oak_slab":1,"minecraft:crafting_table":1,"minecraft:note_block":1,"gravestone:gravestone":7,"minecraft:grass_block":4,"minecraft:tall_grass":1,"minecraft:copper_ore":2,"minecraft:birch_slab":5,"minecraft:cyan_bed":1,"minecraft:sugar_cane":4,"minecraft:birch_planks":54,"minecraft:carrots":19,"minecraft:birch_log":2,"minecraft:wheat":35,"treechop:chopped_log":17,"minecraft:grass":189,"minecraft:potatoes":11,"minecraft:coal_ore":18,"minecraft:beetroots":6,"minecraft:dirt":8,"minecraft:stone":19,"minecraft:chipped_anvil":1,"minecraft:fern":1},"minecraft:used":{"minecraft:wheat_seeds":19,"minecraft:water_bucket":1,"minecraft:stone_sword":72,"minecraft:birch_planks":155,"minecraft:stone_pickaxe":25,"minecraft:wooden_pickaxe":15,"minecraft:chest":2,"minecraft:shield":8,"minecraft:stone_hoe":44,"minecraft:torch":3,"minecraft:dirt":11,"minecraft:oak_slab":2,"minecraft:crafting_table":5,"minecraft:carrot":2,"minecraft:note_block":1,"minecraft:birch_fence":18,"minecraft:birch_door":2,"minecraft:birch_fence_gate":1,"minecraft:bread":15,"minecraft:birch_slab":60,"useless_sword:prismarine_sword":3,"minecraft:stone_axe":177,"minecraft:wooden_sword":8,"minecraft:cobblestone":9,"minecraft:bucket":1,"car:canola_seeds":12},"minecraft:broken":{"minecraft:stone_axe":1},"minecraft:picked_up":{"minecraft:birch_log":109,"minecraft:crafting_table":1,"minecraft:wheat":29,"minecraft:feather":4,"minecraft:chicken":3,"minecraft:birch_slab":6,"spelunkery:rough_emerald":1,"minecraft:leather":2,"minecraft:potato":32,"minecraft:birch_planks":54,"gravestone:obituary":2,"minecraft:dirt":23,"minecraft:raw_copper":7,"minecraft:leather_boots":1,"minecraft:chipped_anvil":1,"minecraft:beetroot":3,"minecraft:wheat_seeds":114,"minecraft:beef":5,"minecraft:sugar_cane":5,"minecraft:birch_sapling":37,"minecraft:iron_sword":1,"minecraft:egg":4,"minecraft:oak_slab":2,"minecraft:stick":31,"useless_sword:turtle_sword":1,"hmag:soul_powder":2,"car:canola_seeds":12,"sophisticatedbackpacks:backpack":1,"minecraft:note_block":1,"minecraft:redstone":2,"organics:planks_chestplate":1,"minecraft:carrot":48,"minecraft:cyan_bed":1,"minecraft:rotten_flesh":7,"minecraft:beetroot_seeds":11,"wandering_bags:witch_bag":1,"sophisticatedbackpacks:copper_backpack":1,"minecraft:mutton":1,"minecraft:coal":18,"minecraft:white_wool":1,"minecraft:cobblestone":19},"minecraft:custom":{"minecraft:interact_with_smithing_table":1,"lootr:looted_stat":5,"minecraft:mob_kills":20,"minecraft:animals_bred":2,"minecraft:interact_with_crafting_table":22,"minecraft:tune_noteblock":13,"minecraft:bell_ring":2,"minecraft:damage_dealt_resisted":458,"minecraft:time_since_death":1802,"minecraft:climb_one_cm":2738,"minecraft:time_since_rest":1832,"minecraft:sprint_one_cm":147878,"minecraft:damage_taken":2673,"minecraft:walk_one_cm":176327,"minecraft:damage_blocked_by_shield":130,"minecraft:drop":18,"minecraft:damage_dealt":3836,"minecraft:play_noteblock":1,"minecraft:damage_dealt_absorbed":121,"minecraft:swim_one_cm":4887,"minecraft:talked_to_villager":5,"minecraft:fly_one_cm":207544,"minecraft:player_kills":1,"minecraft:open_chest":11,"minecraft:crouch_one_cm":4359,"minecraft:play_time":51648,"minecraft:deaths":7,"minecraft:sneak_time":880,"minecraft:walk_under_water_one_cm":12784,"minecraft:jump":819,"minecraft:walk_on_water_one_cm":5016,"minecraft:total_world_time":51648,"minecraft:fall_one_cm":27335},"minecraft:killed":{"hmag:ghost":3,"minecraft:witch":1,"minecraft:horse":1,"minecraft:sheep":1,"hmag:zombie_girl":1,"minecraft:zombie":4,"arphex:hornet_harbinger":1,"minecraft:chicken":3,"alexsmobs:crow":1,"seeds:bad_grass":2,"minecraft:cow":2},"minecraft:killed_by":{"minecraft:player":2,"irons_spellbooks:necromancer":1,"minecraft:skeleton":2,"minecraft:zombie":1,"hmag:harpy":1}},"DataVersion":3120}