{"stats":{"minecraft:crafted":{"minecraft:birch_slab":54,"organics:planks_leggings":1,"minecraft:birch_fence_gate":1,"minecraft:stone_pickaxe":1,"minecraft:chest":2,"minecraft:birch_door":3,"minecraft:stone_hoe":1,"minecraft:crafting_table":6,"minecraft:wooden_pickaxe":1,"vs_eureka:balloon":100,"organics:planks_helmet":1,"vs_eureka:spruce_ship_helm":1,"minecraft:birch_planks":340,"minecraft:stone_axe":2,"organics:planks_chestplate":1,"minecraft:birch_fence":18,"minecraft:stick":16,"minecraft:iron_pickaxe":1,"minecraft:stone_sword":2,"minecraft:iron_shovel":1,"minecraft:torch":4,"minecraft:shears":1},"minecraft:dropped":{"organics:planks_chestplate":2,"minecraft:birch_planks":2,"minecraft:birch_fence":4,"gravestone:obituary":13,"minecraft:wooden_sword":1,"minecraft:stone_sword":1,"minecraft:bowl":2,"minecraft:birch_sapling":1,"minecraft:spruce_fence":1,"minecraft:leather_boots":2,"minecraft:birch_door":1,"minecraft:spruce_slab":1,"artifacts:cross_necklace":2,"minecraft:wooden_pickaxe":1},"minecraft:mined":{"minecraft:dark_oak_planks":6,"minecraft:dark_oak_log":1,"gravestone:gravestone":9,"minecraft:spruce_fence":4,"minecraft:grass_block":52,"minecraft:yellow_carpet":1,"minecraft:birch_slab":5,"minecraft:kelp":3,"minecraft:carrots":19,"treechop:chopped_log":17,"minecraft:gold_block":9,"minecraft:dark_oak_stairs":2,"minecraft:potatoes":11,"minecraft:stone":19,"minecraft:spruce_slab":2,"minecraft:oak_slab":1,"minecraft:kelp_plant":5,"minecraft:crafting_table":2,"minecraft:note_block":1,"minecraft:copper_ore":2,"minecraft:tall_grass":1,"minecraft:cyan_bed":1,"minecraft:sugar_cane":4,"minecraft:birch_planks":55,"minecraft:birch_log":2,"minecraft:wheat":35,"minecraft:black_wool":104,"minecraft:grass":189,"minecraft:coal_ore":18,"minecraft:beetroots":6,"minecraft:dirt":12,"minecraft:chipped_anvil":1,"minecraft:emerald_block":5,"minecraft:fern":1},"minecraft:used":{"minecraft:stone_sword":72,"minecraft:iron_shovel":48,"minecraft:ladder":1,"minecraft:chest":2,"minecraft:shield":8,"minecraft:cooked_chicken":1,"minecraft:stone_hoe":44,"minecraft:torch":3,"minecraft:dirt":25,"minecraft:carrot":7,"minecraft:birch_door":2,"minecraft:iron_axe":8,"minecraft:cooked_cod":1,"minecraft:cooked_beef":1,"car:canola_seeds":12,"minecraft:wheat_seeds":19,"minecraft:cooked_mutton":1,"minecraft:dark_oak_stairs":2,"minecraft:water_bucket":1,"minecraft:birch_planks":193,"minecraft:stone_pickaxe":25,"minecraft:baked_potato":2,"minecraft:wooden_pickaxe":15,"minecraft:oak_slab":2,"minecraft:crafting_table":8,"minecraft:note_block":1,"minecraft:shears":104,"minecraft:birch_fence":18,"minecraft:birch_fence_gate":1,"minecraft:dark_oak_log":1,"minecraft:birch_slab":60,"minecraft:bread":15,"minecraft:iron_pickaxe":14,"useless_sword:prismarine_sword":22,"vs_eureka:spruce_ship_helm":1,"minecraft:stone_axe":185,"vs_eureka:balloon":15,"minecraft:wooden_sword":8,"minecraft:cobblestone":9,"minecraft:cooked_rabbit":2,"minecraft:bucket":1},"minecraft:broken":{"minecraft:stone_axe":1},"minecraft:picked_up":{"minecraft:crafting_table":2,"minecraft:wheat":29,"minecraft:chicken":3,"minecraft:ladder":1,"spelunkery:rough_emerald":1,"minecraft:cooked_rabbit":3,"minecraft:gold_block":9,"gravestone:obituary":4,"minecraft:raw_copper":7,"minecraft:iron_axe":1,"minecraft:beetroot":3,"minecraft:beef":5,"minecraft:poppy":2,"minecraft:spruce_slab":2,"minecraft:lectern":1,"minecraft:sugar_cane":5,"minecraft:birch_sapling":37,"minecraft:egg":4,"minecraft:stick":31,"useless_sword:turtle_sword":1,"minecraft:bowl":2,"minecraft:spruce_fence":4,"minecraft:note_block":1,"sophisticatedbackpacks:backpack":1,"minecraft:carrot":48,"organics:planks_chestplate":1,"minecraft:redstone":2,"minecraft:dark_oak_planks":6,"minecraft:arrow":2,"minecraft:rotten_flesh":9,"minecraft:beetroot_seeds":11,"artifacts:cross_necklace":2,"sophisticatedbackpacks:copper_backpack":1,"minecraft:mutton":1,"minecraft:white_wool":1,"minecraft:cobblestone":19,"minecraft:birch_log":109,"minecraft:feather":4,"minecraft:birch_slab":6,"minecraft:leather":2,"minecraft:potato":32,"minecraft:birch_planks":55,"minecraft:dirt":75,"minecraft:leather_boots":1,"minecraft:chipped_anvil":1,"minecraft:kelp":11,"minecraft:wheat_seeds":114,"minecraft:iron_ingot":1,"minecraft:iron_sword":1,"minecraft:dark_oak_stairs":4,"minecraft:oak_slab":2,"minecraft:dark_oak_slab":2,"minecraft:emerald_block":5,"hmag:soul_powder":2,"car:canola_seeds":12,"minecraft:dandelion":2,"minecraft:cyan_bed":1,"minecraft:dark_oak_log":1,"minecraft:yellow_carpet":5,"wandering_bags:witch_bag":1,"minecraft:black_wool":103,"minecraft:coal":18,"minecraft:ender_pearl":1},"minecraft:custom":{"minecraft:interact_with_smithing_table":1,"lootr:looted_stat":24,"minecraft:mob_kills":26,"minecraft:animals_bred":2,"minecraft:interact_with_crafting_table":33,"minecraft:open_barrel":7,"minecraft:bell_ring":2,"minecraft:damage_dealt_resisted":458,"minecraft:eat_cake_slice":4,"minecraft:time_since_death":8711,"minecraft:climb_one_cm":6610,"minecraft:sprint_one_cm":177894,"minecraft:walk_one_cm":247822,"minecraft:damage_blocked_by_shield":130,"minecraft:drop":30,"minecraft:play_noteblock":1,"minecraft:damage_dealt_absorbed":121,"minecraft:talked_to_villager":5,"minecraft:play_time":81648,"minecraft:deaths":9,"minecraft:sneak_time":1976,"minecraft:walk_under_water_one_cm":24840,"minecraft:jump":931,"minecraft:walk_on_water_one_cm":6418,"minecraft:total_world_time":81648,"minecraft:tune_noteblock":13,"minecraft:time_since_rest":8733,"minecraft:damage_taken":4010,"minecraft:damage_dealt":4813,"minecraft:swim_one_cm":20836,"minecraft:player_kills":1,"minecraft:fly_one_cm":221302,"minecraft:open_chest":32,"minecraft:crouch_one_cm":8349,"minecraft:fall_one_cm":34716},"minecraft:killed":{"minecraft:witch":1,"minecraft:vindicator":1,"seeds:waste":1,"minecraft:horse":1,"hmag:zombie_girl":1,"arphex:hornet_harbinger":1,"minecraft:chicken":3,"minecraft:drowned":1,"alexsmobs:skelewag":1,"hmag:ghost":3,"minecraft:sheep":1,"minecraft:pillager":1,"minecraft:zombie":5,"alexsmobs:crow":1,"seeds:bad_grass":2,"minecraft:cow":2},"minecraft:killed_by":{"alexsmobs:skelewag":1,"minecraft:player":2,"seeds:waste":1,"hmag:harpy":1,"irons_spellbooks:necromancer":1,"minecraft:skeleton":2,"minecraft:zombie":1}},"DataVersion":3120}