{"stats":{"minecraft:broken":{"minecraft:shears":1,"minecraft:stone_axe":1},"minecraft:killed":{"minecraft:witch":1,"items_to_mobs:redstone_bug":1,"minecraft:spider":3,"minecraft:skeleton":2,"minecraft:chicken":3,"alexsmobs:skelewag":1,"minecraft:pig":2,"minecraft:zombie_villager":1,"irons_spellbooks:necromancer":1,"minecraft:creeper":1,"minecraft:sheep":1,"minecraft:pillager":2,"minecraft:zombie":17,"minecraft:cow":3,"minecraft:vindicator":2,"hmag:skeleton_girl":1,"seeds:waste":1,"minecraft:phantom":1,"minecraft:horse":1,"hmag:zombie_girl":1,"arphex:hornet_harbinger":1,"minecraft:drowned":3,"hmag:ghost":3,"alexsmobs:cockroach":1,"alexsmobs:crow":1,"seeds:bad_grass":2},"minecraft:used":{"minecraft:iron_shovel":68,"minecraft:ladder":9,"minecraft:chest":11,"minecraft:shield":8,"lootr:trophy":1,"minecraft:birch_pressure_plate":1,"minecraft:carrot":55,"minecraft:honey_bottle":4,"minecraft:lantern":1,"hmag:golden_tropical_fish":1,"minecraft:oak_sapling":1,"minecraft:cooked_cod":1,"minecraft:egg":1,"minecraft:potato":5,"car:canola_seeds":12,"minecraft:dark_oak_stairs":2,"minecraft:diamond_boots":2,"minecraft:stone_pickaxe":25,"minecraft:wooden_pickaxe":15,"minecraft:diamond_axe":131,"minecraft:white_wool":1,"minecraft:golden_apple":1,"minecraft:crossbow":1,"minecraft:note_block":1,"minecraft:shears":272,"minecraft:birch_fence":18,"minecraft:birch_fence_gate":1,"minecraft:dark_oak_log":1,"minecraft:birch_slab":61,"minecraft:cyan_bed":1,"minecraft:bread":24,"minecraft:lectern":1,"useless_sword:prismarine_sword":77,"minecraft:diamond_sword":70,"minecraft:wooden_sword":8,"vs_eureka:engine":3,"minecraft:cooked_rabbit":3,"minecraft:birch_log":70,"byg:palm_sapling":1,"minecraft:enchanting_table":3,"minecraft:stone_sword":72,"minecraft:flint_and_steel":12,"hammers:enhanced_diamond_hammer":516,"minecraft:stone_hoe":44,"minecraft:cooked_chicken":1,"minecraft:torch":13,"minecraft:dirt":136,"minecraft:diamond_helmet":2,"minecraft:birch_door":2,"minecraft:bookshelf":30,"minecraft:iron_axe":52,"minecraft:oak_stairs":1,"minecraft:diamond_chestplate":2,"minecraft:cooked_beef":1,"minecraft:acacia_planks":3,"minecraft:quartz_bricks":17,"minecraft:wheat_seeds":19,"minecraft:cooked_mutton":1,"minecraft:water_bucket":13,"minecraft:birch_planks":1004,"minecraft:baked_potato":16,"easypaxellite:diamond_paxel":1036,"minecraft:cracked_stone_bricks":1,"minecraft:oak_slab":2,"minecraft:crafting_table":15,"minecraft:smoker":2,"minecraft:wooden_hoe":10,"minecraft:diamond_pickaxe":12,"minecraft:diamond_shovel":8,"minecraft:iron_pickaxe":19,"vs_eureka:spruce_ship_helm":2,"minecraft:stone_axe":185,"vs_eureka:balloon":469,"minecraft:cobblestone":26,"minecraft:bucket":14,"minecraft:pumpkin_pie":1,"minecraft:diamond_leggings":2},"minecraft:custom":{"enigmaticlegacy:play_time_with_seven_curses":80626,"lootr:looted_stat":90,"minecraft:animals_bred":5,"minecraft:interact_with_crafting_table":82,"minecraft:open_barrel":7,"minecraft:bell_ring":2,"minecraft:eat_cake_slice":4,"minecraft:leave_game":11,"minecraft:time_since_death":23370,"minecraft:sprint_one_cm":424050,"minecraft:damage_blocked_by_shield":130,"minecraft:drop":177,"minecraft:play_noteblock":1,"minecraft:talked_to_villager":6,"minecraft:play_time":289289,"minecraft:deaths":39,"minecraft:jump":2212,"minecraft:walk_on_water_one_cm":70758,"minecraft:enchant_item":2,"minecraft:interact_with_furnace":23,"minecraft:sleep_in_bed":4,"minecraft:waystone_activated":1,"minecraft:damage_dealt":11426,"minecraft:player_kills":2,"minecraft:crouch_one_cm":20181,"minecraft:interact_with_smoker":22,"minecraft:inspect_dispenser":1,"minecraft:interact_with_smithing_table":2,"minecraft:mob_kills":60,"minecraft:damage_dealt_resisted":458,"minecraft:climb_one_cm":16160,"minecraft:walk_one_cm":725438,"minecraft:damage_dealt_absorbed":121,"minecraft:sneak_time":7693,"minecraft:walk_under_water_one_cm":114475,"minecraft:total_world_time":289289,"enigmaticlegacy:play_time_without_seven_curses":102438,"minecraft:tune_noteblock":13,"minecraft:interact_with_grindstone":2,"minecraft:time_since_rest":23392,"minecraft:damage_taken":16811,"minecraft:damage_absorbed":120,"minecraft:swim_one_cm":147786,"minecraft:fly_one_cm":956246,"minecraft:open_chest":121,"minecraft:fall_one_cm":102779},"minecraft:picked_up":{"minecraft:wheat":29,"minecraft:nether_brick_fence":1,"irons_spellbooks:affinity_ring":1,"minecraft:diamond_sword":4,"minecraft:oak_stairs":1,"enigmaticlegacy:enigmatic_eye":1,"minecraft:amethyst_block":80,"minecraft:string":4,"minecraft:raw_copper":7,"spelunkery:raw_copper_nugget":9,"minecraft:beetroot":3,"irons_spellbooks:arcane_essence":2,"minecraft:cobbled_deepslate":691,"minecraft:calcite":281,"minecraft:coal_block":16,"minecraft:iron_boots":1,"minecraft:stick":64,"minecraft:jukebox":1,"spelunkery:rough_cinnabar_shard":28,"minecraft:torch":11,"minecraft:porkchop":13,"spelunkery:mineomite":1,"minecraft:rotten_flesh":30,"irons_spellbooks:arcane_debris":3,"supplementaries:ash":18,"minecraft:obsidian":42,"minecraft:iron_bars":1,"minecraft:cobblestone":365,"minecraft:birch_log":341,"minecraft:enchanting_table":3,"useless_sword:valhalla_sword":1,"minecraft:feather":4,"minecraft:water_bucket":1,"minecraft:birch_slab":6,"minecraft:smoker":2,"minecraft:potato":51,"spelunkery:rough_cinnabar":60,"minecraft:tuff":4,"create:raw_zinc":3,"enigmaticgraves:grave_finder":4,"minecraft:stripped_birch_log":1,"lootr:trophy":1,"minecraft:lantern":1,"minecraft:dirt":889,"minecraft:glass":1,"minecraft:leather_boots":1,"irons_spellbooks:hogskin":1,"irons_spellbooks:iron_spell_book":1,"minecraft:bone":2,"minecraft:chipped_anvil":1,"minecraft:acacia_planks":3,"minecraft:wheat_seeds":114,"minecraft:raw_gold":15,"spelunkery:raw_zinc_nugget":10,"minecraft:oak_planks":202,"hmag:soul_powder":4,"car:canola_seeds":12,"minecraft:sand":16,"minecraft:ink_sac":9,"sophisticatedbackpacks:jukebox_upgrade":1,"minecraft:cyan_bed":1,"minecraft:dark_oak_log":1,"minecraft:quartz_bricks":20,"minecraft:stripped_acacia_log":3,"minecraft:yellow_carpet":5,"spelunkery:rough_lazurite_shard":237,"minecraft:granite":54,"spelunkery:raw_gold_nugget":21,"minecraft:oak_sapling":9,"minecraft:diamond_pickaxe":2,"minecraft:crafting_table":5,"byg:soapstone":132,"minecraft:chicken":3,"minecraft:ladder":9,"easypaxellite:diamond_paxel":2,"spelunkery:rough_emerald":8,"minecraft:cooked_rabbit":3,"minecraft:gold_block":9,"minecraft:iron_axe":1,"minecraft:birch_fence":1,"byg:palm_sapling":1,"minecraft:cracked_stone_bricks":1,"minecraft:beef":8,"irons_spellbooks:emerald_stoneplate_ring":1,"minecraft:poppy":2,"minecraft:spruce_slab":2,"minecraft:lectern":3,"vs_eureka:engine":2,"minecraft:sugar_cane":5,"minecraft:chest":2,"minecraft:birch_sapling":68,"minecraft:egg":5,"minecraft:raw_iron":64,"minecraft:polished_deepslate_slab":1,"useless_sword:turtle_sword":1,"minecraft:stone":2,"minecraft:bowl":2,"minecraft:spruce_fence":4,"minecraft:note_block":1,"sophisticatedbackpacks:backpack":3,"organics:planks_chestplate":1,"minecraft:carrot":68,"minecraft:redstone":2,"minecraft:dark_oak_planks":6,"minecraft:arrow":4,"minecraft:beetroot_seeds":11,"spelunkery:coal_lump":240,"minecraft:hay_block":2,"artifacts:cross_necklace":3,"sophisticatedbackpacks:copper_backpack":1,"minecraft:mutton":1,"minecraft:white_wool":160,"hmag:reinforcing_chain":1,"minecraft:leather":8,"minecraft:birch_planks":197,"minecraft:oak_log":88,"minecraft:gunpowder":2,"byg:dacite_cobblestone":1,"minecraft:birch_pressure_plate":1,"vs_eureka:spruce_ship_helm":1,"minecraft:kelp":410,"spelunkery:rough_lazurite":52,"minecraft:iron_ingot":4,"vs_eureka:balloon":274,"minecraft:iron_sword":1,"minecraft:dark_oak_stairs":4,"sophisticatedbackpacks:diamond_backpack":1,"minecraft:book":186,"minecraft:oak_slab":2,"minecraft:smooth_basalt":21,"minecraft:emerald_block":5,"minecraft:dark_oak_slab":2,"minecraft:dandelion":2,"minecraft:raw_iron_block":6,"minecraft:birch_stairs":1,"minecraft:spruce_sapling":1,"minecraft:blast_furnace":1,"minecraft:spider_eye":1,"minecraft:spruce_door":1,"minecraft:slime_ball":1,"spelunkery:rough_diamond":2,"wandering_bags:witch_bag":1,"minecraft:diamond_axe":1,"spelunkery:raw_iron_nugget":67,"minecraft:baked_potato":3,"minecraft:black_wool":103,"irons_spellbooks:scroll":1,"minecraft:coal":167,"hammers:enhanced_diamond_hammer":4,"minecraft:ender_pearl":1},"minecraft:mined":{"minecraft:spruce_planks":2,"minecraft:grass_block":429,"minecraft:yellow_carpet":1,"minecraft:spawner":3,"minecraft:tall_seagrass":9,"minecraft:turtle_egg":1,"minecraft:fire":10,"spelunkery:diamond_grindstone":1,"minecraft:enchanting_table":3,"minecraft:dark_oak_stairs":2,"minecraft:oak_stairs":1,"minecraft:iron_bars":1,"minecraft:spruce_slab":2,"byg:dacite":1,"vs_eureka:spruce_ship_helm":1,"minecraft:kelp_plant":74,"spelunkery:mineomite":8,"minecraft:smoker":2,"minecraft:torch":8,"minecraft:note_block":1,"minecraft:chest":2,"minecraft:cobblestone":1,"minecraft:cyan_bed":1,"minecraft:sugar_cane":4,"minecraft:wall_torch":2,"vs_eureka:balloon":22,"minecraft:seagrass":5,"lootr:trophy":1,"minecraft:birch_log":8,"minecraft:wheat":35,"minecraft:jukebox":1,"minecraft:grass":191,"minecraft:oak_log":16,"minecraft:beetroots":6,"minecraft:sand":17,"minecraft:dirt":554,"minecraft:deepslate":6,"minecraft:emerald_block":5,"minecraft:tuff":1,"minecraft:stripped_birch_log":1,"minecraft:dark_oak_log":1,"minecraft:ladder":4,"gravestone:gravestone":22,"minecraft:spruce_fence":4,"minecraft:birch_slab":6,"minecraft:kelp":20,"minecraft:furnace":1,"minecraft:carrots":19,"treechop:chopped_log":29,"minecraft:gold_block":9,"minecraft:nether_brick_fence":1,"minecraft:bookshelf":63,"minecraft:potatoes":11,"minecraft:stripped_acacia_log":3,"minecraft:stone":22,"minecraft:white_wool":168,"minecraft:birch_pressure_plate":1,"minecraft:oak_slab":1,"minecraft:crafting_table":3,"minecraft:cyan_stained_glass_pane":2,"minecraft:lectern":1,"minecraft:copper_ore":2,"minecraft:tall_grass":1,"minecraft:quartz_bricks":20,"minecraft:birch_planks":122,"minecraft:black_wool":104,"minecraft:coal_ore":19,"minecraft:cracked_stone_bricks":1,"minecraft:acacia_planks":3,"vs_eureka:engine":2,"minecraft:chipped_anvil":1,"minecraft:birch_fence":1,"minecraft:deepslate_emerald_ore":1,"minecraft:fern":1,"minecraft:dark_oak_planks":7},"minecraft:killed_by":{"minecraft:creeper":1,"minecraft:pillager":4,"hmag:harpy":1,"minecraft:drowned":4,"minecraft:vindicator":11,"minecraft:zombie":2,"alexsmobs:grizzly_bear":1,"alexsmobs:skelewag":1,"minecraft:player":4,"seeds:waste":1,"minecraft:iron_golem":1,"arphex:spider_jump":1,"irons_spellbooks:necromancer":1,"minecraft:hoglin":1,"minecraft:skeleton":3,"minecraft:phantom":1},"minecraft:crafted":{"minecraft:smooth_stone":3,"minecraft:oak_planks":220,"minecraft:birch_slab":60,"minecraft:stone":6,"minecraft:diamond_shovel":1,"minecraft:bookshelf":30,"easypaxellite:diamond_paxel":1,"minecraft:glass":7,"minecraft:birch_fence_gate":1,"minecraft:chest":10,"minecraft:birch_door":3,"minecraft:dried_kelp_block":4,"hammers:enhanced_diamond_hammer":1,"minecraft:stone_hoe":1,"minecraft:diamond_axe":1,"minecraft:crafting_table":13,"minecraft:wooden_pickaxe":1,"organics:planks_helmet":1,"vs_eureka:spruce_ship_helm":1,"minecraft:oak_wood":3,"minecraft:birch_planks":1912,"organics:planks_chestplate":1,"minecraft:wooden_hoe":1,"minecraft:diamond_pickaxe":1,"minecraft:charcoal":8,"minecraft:emerald_block":12,"minecraft:birch_fence":18,"minecraft:stick":52,"minecraft:iron_pickaxe":1,"minecraft:stone_sword":2,"minecraft:shears":2,"minecraft:coal":30,"minecraft:iron_nugget":9,"seeds:crushing_obsidian":1,"minecraft:bone_meal":24,"organics:planks_leggings":1,"minecraft:diamond_block":1,"minecraft:glass_pane":16,"minecraft:diamond":25,"vs_eureka:engine":1,"minecraft:ladder":9,"minecraft:stone_pickaxe":1,"minecraft:wheat":18,"minecraft:enchanting_table":1,"minecraft:dried_kelp":41,"vs_eureka:balloon":100,"minecraft:bucket":2,"hammers:enhanced_stick":1,"minecraft:stone_axe":2,"minecraft:air":0,"minecraft:iron_shovel":1,"minecraft:acacia_planks":12,"minecraft:torch":28},"minecraft:dropped":{"hmag:reinforcing_chain":1,"organics:planks_helmet":1,"organics:planks_chestplate":2,"minecraft:porkchop":3,"minecraft:birch_planks":36,"vs_eureka:balloon":10,"minecraft:baked_potato":5,"minecraft:crafting_table":2,"minecraft:cooked_porkchop":1,"enigmaticgraves:grave_finder":9,"spelunkery:raw_gold_nugget":12,"enigmaticlegacy:enigmatic_eye":2,"minecraft:dirt":6,"minecraft:birch_fence":5,"spelunkery:rough_cinnabar_shard":25,"spelunkery:coal_lump":2,"minecraft:pumpkin_pie":3,"minecraft:wooden_sword":1,"minecraft:sand":9,"minecraft:iron_pickaxe":1,"irons_spellbooks:emerald_stoneplate_ring":1,"minecraft:birch_log":2,"minecraft:fishing_rod":1,"minecraft:birch_stairs":1,"minecraft:bone":1,"spelunkery:mineomite":1,"minecraft:iron_nugget":5,"minecraft:cobbled_deepslate":628,"minecraft:birch_sapling":1,"minecraft:oak_planks":184,"spelunkery:raw_copper_nugget":3,"minecraft:quartz_bricks":3,"sophisticatedbackpacks:diamond_backpack":1,"supplementaries:ash":18,"minecraft:gunpowder":2,"minecraft:leather_boots":2,"minecraft:chest":1,"minecraft:birch_door":1,"minecraft:ladder":1,"spelunkery:rough_lazurite":33,"minecraft:spruce_slab":1,"minecraft:iron_bars":1,"minecraft:glass":1,"easypaxellite:diamond_paxel":1,"minecraft:lectern":1,"minecraft:cobblestone":397,"minecraft:granite":54,"spelunkery:raw_iron_nugget":4,"minecraft:yellow_carpet":1,"minecraft:stick":3,"useless_sword:valhalla_sword":1,"irons_spellbooks:affinity_ring":3,"minecraft:ink_sac":6,"minecraft:torch":9,"byg:soapstone":45,"minecraft:iron_axe":1,"minecraft:iron_shovel":1,"minecraft:string":1,"minecraft:spruce_sapling":1,"minecraft:smooth_basalt":21,"hmag:soul_powder":2,"minecraft:kelp":2,"naturalist:cooked_catfish":1,"minecraft:stone_sword":1,"minecraft:bowl":2,"minecraft:tuff":4,"minecraft:iron_boots":2,"sophisticatedbackpacks:backpack":1,"organics:planks_leggings":1,"minecraft:spruce_fence":1,"minecraft:potato":1,"spelunkery:rough_lazurite_shard":174,"minecraft:oak_sapling":8,"artifacts:cross_necklace":6,"minecraft:wooden_pickaxe":1}},"DataVersion":3120}